"Timestamp","Template Name","Category","Image Path","Title","Description","Instagram Caption","Destination URL","Instagram Media ID","Status"
"2026-10-01 07:50:06","Friendly Little T-Rex Dinosaur","animal","https://raw.githubusercontent.com/Singhak/insta_video/main/pin-128-friendly-little-t-rex-dinosaur.png","Free Printable Animals Coloring Sheet - Friendly Little T-Rex Dinosaur | Coloro","Download this free printable Friendly Little T-Rex Dinosaur coloring page! Perfect for toddlers, preschoolers, and early learners. Features crisp high-contrast outlines for easy crayon coloring alongside a digital magic color preview. Print the PDF directly or color online with interactive sound effects and glitter brushes at Coloro.in. Discover our full Animals collection at https://coloro.in/app?category=animals. #kidsactivities #coloringpages #freecoloringpages #toddleractivities #preschoolprintables #homeschooling","Free Printable Coloring Sheet: Friendly Little T-Rex Dinosaur! 🎨✨

Print this out for relaxing, high-contrast coloring at home or in class, or color it online with digital magic brushes at Coloro! 🖍️

👉 Link in bio to color or print hundreds of free sheets: www.coloro.in
🌐 Direct link: https://coloro.in/app?category=animals

Save this post for your next creative kids activity session! 💖

.
.
#coloring #coloringpages #freecoloringpages #kidsactivities #toddleractivities #preschool #preschoolactivities #homeschooling #artforkids #coloro #kidsart #coloringbook #freeprintables #kidsfun #diykids #animal","https://coloro.in/app?category=animals","17954703360253948","PUBLISHED"
"2026-10-01 07:49:57","Speedy Toy Car","vehicles","https://raw.githubusercontent.com/Singhak/insta_video/main/pin-127-speedy-toy-car.png","Free Printable Vehicles Coloring Sheet - Speedy Toy Car | Coloro","Download this free printable Speedy Toy Car coloring page! Perfect for toddlers, preschoolers, and early learners. Features crisp high-contrast outlines for easy crayon coloring alongside a digital magic color preview. Print the PDF directly or color online with interactive sound effects and glitter brushes at Coloro.in. Discover our full Vehicles collection at https://coloro.in/app?category=vehicles. #kidsactivities #coloringpages #freecoloringpages #toddleractivities #preschoolprintables #homeschooling","Free Printable Coloring Sheet: Speedy Toy Car! 🎨✨

Print this out for relaxing, high-contrast coloring at home or in class, or color it online with digital magic brushes at Coloro! 🖍️

👉 Link in bio to color or print hundreds of free sheets: www.coloro.in
🌐 Direct link: https://coloro.in/app?category=vehicles

Save this post for your next creative kids activity session! 💖

.
.
#coloring #coloringpages #freecoloringpages #kidsactivities #toddleractivities #preschool #preschoolactivities #homeschooling #artforkids #coloro #kidsart #coloringbook #freeprintables #kidsfun #diykids #vehicles","https://coloro.in/app?category=vehicles","17938021320399631","PUBLISHED"
"2026-10-01 07:49:46","Solar System Saturn Planet","space","https://raw.githubusercontent.com/Singhak/insta_video/main/pin-126-solar-system-saturn-planet.png","Free Printable Space Coloring Sheet - Solar System Saturn Planet | Coloro","Download this free printable Solar System Saturn Planet coloring page! Perfect for toddlers, preschoolers, and early learners. Features crisp high-contrast outlines for easy crayon coloring alongside a digital magic color preview. Print the PDF directly or color online with interactive sound effects and glitter brushes at Coloro.in. Discover our full Space collection at https://coloro.in/app?category=space. #kidsactivities #coloringpages #freecoloringpages #toddleractivities #preschoolprintables #homeschooling","Free Printable Coloring Sheet: Solar System Saturn Planet! 🎨✨

Print this out for relaxing, high-contrast coloring at home or in class, or color it online with digital magic brushes at Coloro! 🖍️

👉 Link in bio to color or print hundreds of free sheets: www.coloro.in
🌐 Direct link: https://coloro.in/app?category=space

Save this post for your next creative kids activity session! 💖

.
.
#coloring #coloringpages #freecoloringpages #kidsactivities #toddleractivities #preschool #preschoolactivities #homeschooling #artforkids #coloro #kidsart #coloringbook #freeprintables #kidsfun #diykids #space","https://coloro.in/app?category=space","18146252680568047","PUBLISHED"
"2026-10-01 07:49:35","Super Hero Flying","human","https://raw.githubusercontent.com/Singhak/insta_video/main/pin-125-super-hero-flying.png","Free Printable Human Coloring Sheet - Super Hero Flying | Coloro","Download this free printable Super Hero Flying coloring page! Perfect for toddlers, preschoolers, and early learners. Features crisp high-contrast outlines for easy crayon coloring alongside a digital magic color preview. Print the PDF directly or color online with interactive sound effects and glitter brushes at Coloro.in. Discover our full Human collection at https://coloro.in/app?category=human. #kidsactivities #coloringpages #freecoloringpages #toddleractivities #preschoolprintables #homeschooling","Free Printable Coloring Sheet: Super Hero Flying! 🎨✨

Print this out for relaxing, high-contrast coloring at home or in class, or color it online with digital magic brushes at Coloro! 🖍️

👉 Link in bio to color or print hundreds of free sheets: www.coloro.in
🌐 Direct link: https://coloro.in/app?category=human

Save this post for your next creative kids activity session! 💖

.
.
#coloring #coloringpages #freecoloringpages #kidsactivities #toddleractivities #preschool #preschoolactivities #homeschooling #artforkids #coloro #kidsart #coloringbook #freeprintables #kidsfun #diykids #human","https://coloro.in/app?category=human","18283283194288262","PUBLISHED"
"2026-10-01 07:49:25","Desert Cactus & Sun","nature","https://raw.githubusercontent.com/Singhak/insta_video/main/pin-124-desert-cactus-sun.png","Free Printable Nature Coloring Sheet - Desert Cactus & Sun | Coloro","Download this free printable Desert Cactus & Sun coloring page! Perfect for toddlers, preschoolers, and early learners. Features crisp high-contrast outlines for easy crayon coloring alongside a digital magic color preview. Print the PDF directly or color online with interactive sound effects and glitter brushes at Coloro.in. Discover our full Nature collection at https://coloro.in/app?category=nature. #kidsactivities #coloringpages #freecoloringpages #toddleractivities #preschoolprintables #homeschooling","Free Printable Coloring Sheet: Desert Cactus & Sun! 🎨✨

Print this out for relaxing, high-contrast coloring at home or in class, or color it online with digital magic brushes at Coloro! 🖍️

👉 Link in bio to color or print hundreds of free sheets: www.coloro.in
🌐 Direct link: https://coloro.in/app?category=nature

Save this post for your next creative kids activity session! 💖

.
.
#coloring #coloringpages #freecoloringpages #kidsactivities #toddleractivities #preschool #preschoolactivities #homeschooling #artforkids #coloro #kidsart #coloringbook #freeprintables #kidsfun #diykids #nature","https://coloro.in/app?category=nature","18089081798657913","PUBLISHED"
"2026-10-01 07:49:15","Playful Ocean Dolphin","animal","https://raw.githubusercontent.com/Singhak/insta_video/main/pin-123-playful-ocean-dolphin.png","Free Printable Animals Coloring Sheet - Playful Ocean Dolphin | Coloro","Download this free printable Playful Ocean Dolphin coloring page! Perfect for toddlers, preschoolers, and early learners. Features crisp high-contrast outlines for easy crayon coloring alongside a digital magic color preview. Print the PDF directly or color online with interactive sound effects and glitter brushes at Coloro.in. Discover our full Animals collection at https://coloro.in/app?category=animals. #kidsactivities #coloringpages #freecoloringpages #toddleractivities #preschoolprintables #homeschooling","Free Printable Coloring Sheet: Playful Ocean Dolphin! 🎨✨

Print this out for relaxing, high-contrast coloring at home or in class, or color it online with digital magic brushes at Coloro! 🖍️

👉 Link in bio to color or print hundreds of free sheets: www.coloro.in
🌐 Direct link: https://coloro.in/app?category=animals

Save this post for your next creative kids activity session! 💖

.
.
#coloring #coloringpages #freecoloringpages #kidsactivities #toddleractivities #preschool #preschoolactivities #homeschooling #artforkids #coloro #kidsart #coloringbook #freeprintables #kidsfun #diykids #animal","https://coloro.in/app?category=animals","17912762964536949","PUBLISHED"
"2026-10-01 07:49:04","Whiskers The Kitten","animal","https://raw.githubusercontent.com/Singhak/insta_video/main/pin-122-whiskers-the-kitten.png","Free Printable Animals Coloring Sheet - Whiskers The Kitten | Coloro","Download this free printable Whiskers The Kitten coloring page! Perfect for toddlers, preschoolers, and early learners. Features crisp high-contrast outlines for easy crayon coloring alongside a digital magic color preview. Print the PDF directly or color online with interactive sound effects and glitter brushes at Coloro.in. Discover our full Animals collection at https://coloro.in/app?category=animals. #kidsactivities #coloringpages #freecoloringpages #toddleractivities #preschoolprintables #homeschooling","Free Printable Coloring Sheet: Whiskers The Kitten! 🎨✨

Print this out for relaxing, high-contrast coloring at home or in class, or color it online with digital magic brushes at Coloro! 🖍️

👉 Link in bio to color or print hundreds of free sheets: www.coloro.in
🌐 Direct link: https://coloro.in/app?category=animals

Save this post for your next creative kids activity session! 💖

.
.
#coloring #coloringpages #freecoloringpages #kidsactivities #toddleractivities #preschool #preschoolactivities #homeschooling #artforkids #coloro #kidsart #coloringbook #freeprintables #kidsfun #diykids #animal","https://coloro.in/app?category=animals","18095386727439983","PUBLISHED"
"2026-10-01 07:48:53","Cosmic Star Rocket","space","https://raw.githubusercontent.com/Singhak/insta_video/main/pin-121-cosmic-star-rocket.png","Free Printable Space Coloring Sheet - Cosmic Star Rocket | Coloro","Download this free printable Cosmic Star Rocket coloring page! Perfect for toddlers, preschoolers, and early learners. Features crisp high-contrast outlines for easy crayon coloring alongside a digital magic color preview. Print the PDF directly or color online with interactive sound effects and glitter brushes at Coloro.in. Discover our full Space collection at https://coloro.in/app?category=space. #kidsactivities #coloringpages #freecoloringpages #toddleractivities #preschoolprintables #homeschooling","Free Printable Coloring Sheet: Cosmic Star Rocket! 🎨✨

Print this out for relaxing, high-contrast coloring at home or in class, or color it online with digital magic brushes at Coloro! 🖍️

👉 Link in bio to color or print hundreds of free sheets: www.coloro.in
🌐 Direct link: https://coloro.in/app?category=space

Save this post for your next creative kids activity session! 💖

.
.
#coloring #coloringpages #freecoloringpages #kidsactivities #toddleractivities #preschool #preschoolactivities #homeschooling #artforkids #coloro #kidsart #coloringbook #freeprintables #kidsfun #diykids #space","https://coloro.in/app?category=space","18068840585505946","PUBLISHED"
"2026-10-01 07:48:44","Magic Rainbow Flower","nature","https://raw.githubusercontent.com/Singhak/insta_video/main/pin-120-magic-rainbow-flower.png","Free Printable Nature Coloring Sheet - Magic Rainbow Flower | Coloro","Download this free printable Magic Rainbow Flower coloring page! Perfect for toddlers, preschoolers, and early learners. Features crisp high-contrast outlines for easy crayon coloring alongside a digital magic color preview. Print the PDF directly or color online with interactive sound effects and glitter brushes at Coloro.in. Discover our full Nature collection at https://coloro.in/app?category=nature. #kidsactivities #coloringpages #freecoloringpages #toddleractivities #preschoolprintables #homeschooling","Free Printable Coloring Sheet: Magic Rainbow Flower! 🎨✨

Print this out for relaxing, high-contrast coloring at home or in class, or color it online with digital magic brushes at Coloro! 🖍️

👉 Link in bio to color or print hundreds of free sheets: www.coloro.in
🌐 Direct link: https://coloro.in/app?category=nature

Save this post for your next creative kids activity session! 💖

.
.
#coloring #coloringpages #freecoloringpages #kidsactivities #toddleractivities #preschool #preschoolactivities #homeschooling #artforkids #coloro #kidsart #coloringbook #freeprintables #kidsfun #diykids #nature","https://coloro.in/app?category=nature","18076122332740292","PUBLISHED"
"2026-10-01 07:48:33","Happy Cottage House","nature","https://raw.githubusercontent.com/Singhak/insta_video/main/pin-119-happy-cottage-house.png","Free Printable Nature Coloring Sheet - Happy Cottage House | Coloro","Download this free printable Happy Cottage House coloring page! Perfect for toddlers, preschoolers, and early learners. Features crisp high-contrast outlines for easy crayon coloring alongside a digital magic color preview. Print the PDF directly or color online with interactive sound effects and glitter brushes at Coloro.in. Discover our full Nature collection at https://coloro.in/app?category=nature. #kidsactivities #coloringpages #freecoloringpages #toddleractivities #preschoolprintables #homeschooling","Free Printable Coloring Sheet: Happy Cottage House! 🎨✨

Print this out for relaxing, high-contrast coloring at home or in class, or color it online with digital magic brushes at Coloro! 🖍️

👉 Link in bio to color or print hundreds of free sheets: www.coloro.in
🌐 Direct link: https://coloro.in/app?category=nature

Save this post for your next creative kids activity session! 💖

.
.
#coloring #coloringpages #freecoloringpages #kidsactivities #toddleractivities #preschool #preschoolactivities #homeschooling #artforkids #coloro #kidsart #coloringbook #freeprintables #kidsfun #diykids #nature","https://coloro.in/app?category=nature","18097254800207406","PUBLISHED"
"2026-10-01 07:48:22","Cool Sun & Flamingo Floatie","festivals","https://raw.githubusercontent.com/Singhak/insta_video/main/pin-118-cool-sun-flamingo-floatie.png","Free Printable Festivals Coloring Sheet - Cool Sun & Flamingo Floatie | Coloro","Download this free printable Cool Sun & Flamingo Floatie coloring page! Perfect for toddlers, preschoolers, and early learners. Features crisp high-contrast outlines for easy crayon coloring alongside a digital magic color preview. Print the PDF directly or color online with interactive sound effects and glitter brushes at Coloro.in. Discover our full Festivals collection at https://coloro.in/app?category=festivals. #kidsactivities #coloringpages #freecoloringpages #toddleractivities #preschoolprintables #homeschooling","Free Printable Coloring Sheet: Cool Sun & Flamingo Floatie! 🎨✨

Print this out for relaxing, high-contrast coloring at home or in class, or color it online with digital magic brushes at Coloro! 🖍️

👉 Link in bio to color or print hundreds of free sheets: www.coloro.in
🌐 Direct link: https://coloro.in/app?category=festivals

Save this post for your next creative kids activity session! 💖

.
.
#coloring #coloringpages #freecoloringpages #kidsactivities #toddleractivities #preschool #preschoolactivities #homeschooling #artforkids #coloro #kidsart #coloringbook #freeprintables #kidsfun #diykids #festivals","https://coloro.in/app?category=festivals","","unposted"
"2026-10-01 07:48:10","Triple Scoop Ice Cream Waffle Cone","festivals","https://raw.githubusercontent.com/Singhak/insta_video/main/pin-117-triple-scoop-ice-cream-waffle-cone.png","Free Printable Festivals Coloring Sheet - Triple Scoop Ice Cream Waffle Cone | Coloro","Download this free printable Triple Scoop Ice Cream Waffle Cone coloring page! Perfect for toddlers, preschoolers, and early learners. Features crisp high-contrast outlines for easy crayon coloring alongside a digital magic color preview. Print the PDF directly or color online with interactive sound effects and glitter brushes at Coloro.in. Discover our full Festivals collection at https://coloro.in/app?category=festivals. #kidsactivities #coloringpages #freecoloringpages #toddleractivities #preschoolprintables #homeschooling","Free Printable Coloring Sheet: Triple Scoop Ice Cream Waffle Cone! 🎨✨

Print this out for relaxing, high-contrast coloring at home or in class, or color it online with digital magic brushes at Coloro! 🖍️

👉 Link in bio to color or print hundreds of free sheets: www.coloro.in
🌐 Direct link: https://coloro.in/app?category=festivals

Save this post for your next creative kids activity session! 💖

.
.
#coloring #coloringpages #freecoloringpages #kidsactivities #toddleractivities #preschool #preschoolactivities #homeschooling #artforkids #coloro #kidsart #coloringbook #freeprintables #kidsfun #diykids #festivals","https://coloro.in/app?category=festivals","","unposted"
"2026-10-01 07:47:59","Beach Sandcastle & Sun Umbrella","festivals","https://raw.githubusercontent.com/Singhak/insta_video/main/pin-116-beach-sandcastle-sun-umbrella.png","Free Printable Festivals Coloring Sheet - Beach Sandcastle & Sun Umbrella | Coloro","Download this free printable Beach Sandcastle & Sun Umbrella coloring page! Perfect for toddlers, preschoolers, and early learners. Features crisp high-contrast outlines for easy crayon coloring alongside a digital magic color preview. Print the PDF directly or color online with interactive sound effects and glitter brushes at Coloro.in. Discover our full Festivals collection at https://coloro.in/app?category=festivals. #kidsactivities #coloringpages #freecoloringpages #toddleractivities #preschoolprintables #homeschooling","Free Printable Coloring Sheet: Beach Sandcastle & Sun Umbrella! 🎨✨

Print this out for relaxing, high-contrast coloring at home or in class, or color it online with digital magic brushes at Coloro! 🖍️

👉 Link in bio to color or print hundreds of free sheets: www.coloro.in
🌐 Direct link: https://coloro.in/app?category=festivals

Save this post for your next creative kids activity session! 💖

.
.
#coloring #coloringpages #freecoloringpages #kidsactivities #toddleractivities #preschool #preschoolactivities #homeschooling #artforkids #coloro #kidsart #coloringbook #freeprintables #kidsfun #diykids #festivals","https://coloro.in/app?category=festivals","","unposted"
"2026-10-01 07:47:48","Festive Sheer Khurma & Dates","festivals","https://raw.githubusercontent.com/Singhak/insta_video/main/pin-115-festive-sheer-khurma-dates.png","Free Printable Festivals Coloring Sheet - Festive Sheer Khurma & Dates | Coloro","Download this free printable Festive Sheer Khurma & Dates coloring page! Perfect for toddlers, preschoolers, and early learners. Features crisp high-contrast outlines for easy crayon coloring alongside a digital magic color preview. Print the PDF directly or color online with interactive sound effects and glitter brushes at Coloro.in. Discover our full Festivals collection at https://coloro.in/app?category=festivals. #kidsactivities #coloringpages #freecoloringpages #toddleractivities #preschoolprintables #homeschooling","Free Printable Coloring Sheet: Festive Sheer Khurma & Dates! 🎨✨

Print this out for relaxing, high-contrast coloring at home or in class, or color it online with digital magic brushes at Coloro! 🖍️

👉 Link in bio to color or print hundreds of free sheets: www.coloro.in
🌐 Direct link: https://coloro.in/app?category=festivals

Save this post for your next creative kids activity session! 💖

.
.
#coloring #coloringpages #freecoloringpages #kidsactivities #toddleractivities #preschool #preschoolactivities #homeschooling #artforkids #coloro #kidsart #coloringbook #freeprintables #kidsfun #diykids #festivals","https://coloro.in/app?category=festivals","","unposted"
"2026-10-01 07:47:38","Grand Celebration Mosque & Stars","festivals","https://raw.githubusercontent.com/Singhak/insta_video/main/pin-114-grand-celebration-mosque-stars.png","Free Printable Festivals Coloring Sheet - Grand Celebration Mosque & Stars | Coloro","Download this free printable Grand Celebration Mosque & Stars coloring page! Perfect for toddlers, preschoolers, and early learners. Features crisp high-contrast outlines for easy crayon coloring alongside a digital magic color preview. Print the PDF directly or color online with interactive sound effects and glitter brushes at Coloro.in. Discover our full Festivals collection at https://coloro.in/app?category=festivals. #kidsactivities #coloringpages #freecoloringpages #toddleractivities #preschoolprintables #homeschooling","Free Printable Coloring Sheet: Grand Celebration Mosque & Stars! 🎨✨

Print this out for relaxing, high-contrast coloring at home or in class, or color it online with digital magic brushes at Coloro! 🖍️

👉 Link in bio to color or print hundreds of free sheets: www.coloro.in
🌐 Direct link: https://coloro.in/app?category=festivals

Save this post for your next creative kids activity session! 💖

.
.
#coloring #coloringpages #freecoloringpages #kidsactivities #toddleractivities #preschool #preschoolactivities #homeschooling #artforkids #coloro #kidsart #coloringbook #freeprintables #kidsfun #diykids #festivals","https://coloro.in/app?category=festivals","","unposted"
"2026-10-01 07:47:27","Golden Crescent Moon & Fanous Lantern","festivals","https://raw.githubusercontent.com/Singhak/insta_video/main/pin-113-golden-crescent-moon-fanous-lantern.png","Free Printable Festivals Coloring Sheet - Golden Crescent Moon & Fanous Lantern | Coloro","Download this free printable Golden Crescent Moon & Fanous Lantern coloring page! Perfect for toddlers, preschoolers, and early learners. Features crisp high-contrast outlines for easy crayon coloring alongside a digital magic color preview. Print the PDF directly or color online with interactive sound effects and glitter brushes at Coloro.in. Discover our full Festivals collection at https://coloro.in/app?category=festivals. #kidsactivities #coloringpages #freecoloringpages #toddleractivities #preschoolprintables #homeschooling","Free Printable Coloring Sheet: Golden Crescent Moon & Fanous Lantern! 🎨✨

Print this out for relaxing, high-contrast coloring at home or in class, or color it online with digital magic brushes at Coloro! 🖍️

👉 Link in bio to color or print hundreds of free sheets: www.coloro.in
🌐 Direct link: https://coloro.in/app?category=festivals

Save this post for your next creative kids activity session! 💖

.
.
#coloring #coloringpages #freecoloringpages #kidsactivities #toddleractivities #preschool #preschoolactivities #homeschooling #artforkids #coloro #kidsart #coloringbook #freeprintables #kidsfun #diykids #festivals","https://coloro.in/app?category=festivals","","unposted"
"2026-10-01 07:47:16","Smiling Frosty Snowman in Snow","festivals","https://raw.githubusercontent.com/Singhak/insta_video/main/pin-112-smiling-frosty-snowman-in-snow.png","Free Printable Festivals Coloring Sheet - Smiling Frosty Snowman in Snow | Coloro","Download this free printable Smiling Frosty Snowman in Snow coloring page! Perfect for toddlers, preschoolers, and early learners. Features crisp high-contrast outlines for easy crayon coloring alongside a digital magic color preview. Print the PDF directly or color online with interactive sound effects and glitter brushes at Coloro.in. Discover our full Festivals collection at https://coloro.in/app?category=festivals. #kidsactivities #coloringpages #freecoloringpages #toddleractivities #preschoolprintables #homeschooling","Free Printable Coloring Sheet: Smiling Frosty Snowman in Snow! 🎨✨

Print this out for relaxing, high-contrast coloring at home or in class, or color it online with digital magic brushes at Coloro! 🖍️

👉 Link in bio to color or print hundreds of free sheets: www.coloro.in
🌐 Direct link: https://coloro.in/app?category=festivals

Save this post for your next creative kids activity session! 💖

.
.
#coloring #coloringpages #freecoloringpages #kidsactivities #toddleractivities #preschool #preschoolactivities #homeschooling #artforkids #coloro #kidsart #coloringbook #freeprintables #kidsfun #diykids #festivals","https://coloro.in/app?category=festivals","","unposted"
"2026-10-01 07:47:07","Decorated Christmas Tree & Gifts","festivals","https://raw.githubusercontent.com/Singhak/insta_video/main/pin-111-decorated-christmas-tree-gifts.png","Free Printable Festivals Coloring Sheet - Decorated Christmas Tree & Gifts | Coloro","Download this free printable Decorated Christmas Tree & Gifts coloring page! Perfect for toddlers, preschoolers, and early learners. Features crisp high-contrast outlines for easy crayon coloring alongside a digital magic color preview. Print the PDF directly or color online with interactive sound effects and glitter brushes at Coloro.in. Discover our full Festivals collection at https://coloro.in/app?category=festivals. #kidsactivities #coloringpages #freecoloringpages #toddleractivities #preschoolprintables #homeschooling","Free Printable Coloring Sheet: Decorated Christmas Tree & Gifts! 🎨✨

Print this out for relaxing, high-contrast coloring at home or in class, or color it online with digital magic brushes at Coloro! 🖍️

👉 Link in bio to color or print hundreds of free sheets: www.coloro.in
🌐 Direct link: https://coloro.in/app?category=festivals

Save this post for your next creative kids activity session! 💖

.
.
#coloring #coloringpages #freecoloringpages #kidsactivities #toddleractivities #preschool #preschoolactivities #homeschooling #artforkids #coloro #kidsart #coloringbook #freeprintables #kidsfun #diykids #festivals","https://coloro.in/app?category=festivals","","unposted"
"2026-10-01 07:46:57","Jolly Santa Claus & Gift Bag","festivals","https://raw.githubusercontent.com/Singhak/insta_video/main/pin-110-jolly-santa-claus-gift-bag.png","Free Printable Festivals Coloring Sheet - Jolly Santa Claus & Gift Bag | Coloro","Download this free printable Jolly Santa Claus & Gift Bag coloring page! Perfect for toddlers, preschoolers, and early learners. Features crisp high-contrast outlines for easy crayon coloring alongside a digital magic color preview. Print the PDF directly or color online with interactive sound effects and glitter brushes at Coloro.in. Discover our full Festivals collection at https://coloro.in/app?category=festivals. #kidsactivities #coloringpages #freecoloringpages #toddleractivities #preschoolprintables #homeschooling","Free Printable Coloring Sheet: Jolly Santa Claus & Gift Bag! 🎨✨

Print this out for relaxing, high-contrast coloring at home or in class, or color it online with digital magic brushes at Coloro! 🖍️

👉 Link in bio to color or print hundreds of free sheets: www.coloro.in
🌐 Direct link: https://coloro.in/app?category=festivals

Save this post for your next creative kids activity session! 💖

.
.
#coloring #coloringpages #freecoloringpages #kidsactivities #toddleractivities #preschool #preschoolactivities #homeschooling #artforkids #coloro #kidsart #coloringbook #freeprintables #kidsfun #diykids #festivals","https://coloro.in/app?category=festivals","","unposted"
"2026-10-01 07:46:47","Festive Gujiya Sweets & Color Splashes","festivals","https://raw.githubusercontent.com/Singhak/insta_video/main/pin-109-festive-gujiya-sweets-color-splashes.png","Free Printable Festivals Coloring Sheet - Festive Gujiya Sweets & Color Splashes | Coloro","Download this free printable Festive Gujiya Sweets & Color Splashes coloring page! Perfect for toddlers, preschoolers, and early learners. Features crisp high-contrast outlines for easy crayon coloring alongside a digital magic color preview. Print the PDF directly or color online with interactive sound effects and glitter brushes at Coloro.in. Discover our full Festivals collection at https://coloro.in/app?category=festivals. #kidsactivities #coloringpages #freecoloringpages #toddleractivities #preschoolprintables #homeschooling","Free Printable Coloring Sheet: Festive Gujiya Sweets & Color Splashes! 🎨✨

Print this out for relaxing, high-contrast coloring at home or in class, or color it online with digital magic brushes at Coloro! 🖍️

👉 Link in bio to color or print hundreds of free sheets: www.coloro.in
🌐 Direct link: https://coloro.in/app?category=festivals

Save this post for your next creative kids activity session! 💖

.
.
#coloring #coloringpages #freecoloringpages #kidsactivities #toddleractivities #preschool #preschoolactivities #homeschooling #artforkids #coloro #kidsart #coloringbook #freeprintables #kidsfun #diykids #festivals","https://coloro.in/app?category=festivals","","unposted"
"2026-10-01 07:46:36","Holi Dancing Peacock & Colors","festivals","https://raw.githubusercontent.com/Singhak/insta_video/main/pin-108-holi-dancing-peacock-colors.png","Free Printable Festivals Coloring Sheet - Holi Dancing Peacock & Colors | Coloro","Download this free printable Holi Dancing Peacock & Colors coloring page! Perfect for toddlers, preschoolers, and early learners. Features crisp high-contrast outlines for easy crayon coloring alongside a digital magic color preview. Print the PDF directly or color online with interactive sound effects and glitter brushes at Coloro.in. Discover our full Festivals collection at https://coloro.in/app?category=festivals. #kidsactivities #coloringpages #freecoloringpages #toddleractivities #preschoolprintables #homeschooling","Free Printable Coloring Sheet: Holi Dancing Peacock & Colors! 🎨✨

Print this out for relaxing, high-contrast coloring at home or in class, or color it online with digital magic brushes at Coloro! 🖍️

👉 Link in bio to color or print hundreds of free sheets: www.coloro.in
🌐 Direct link: https://coloro.in/app?category=festivals

Save this post for your next creative kids activity session! 💖

.
.
#coloring #coloringpages #freecoloringpages #kidsactivities #toddleractivities #preschool #preschoolactivities #homeschooling #artforkids #coloro #kidsart #coloringbook #freeprintables #kidsfun #diykids #festivals","https://coloro.in/app?category=festivals","","unposted"
"2026-10-01 07:46:25","Playful Pichkari & Gulal Bowls","festivals","https://raw.githubusercontent.com/Singhak/insta_video/main/pin-107-playful-pichkari-gulal-bowls.png","Free Printable Festivals Coloring Sheet - Playful Pichkari & Gulal Bowls | Coloro","Download this free printable Playful Pichkari & Gulal Bowls coloring page! Perfect for toddlers, preschoolers, and early learners. Features crisp high-contrast outlines for easy crayon coloring alongside a digital magic color preview. Print the PDF directly or color online with interactive sound effects and glitter brushes at Coloro.in. Discover our full Festivals collection at https://coloro.in/app?category=festivals. #kidsactivities #coloringpages #freecoloringpages #toddleractivities #preschoolprintables #homeschooling","Free Printable Coloring Sheet: Playful Pichkari & Gulal Bowls! 🎨✨

Print this out for relaxing, high-contrast coloring at home or in class, or color it online with digital magic brushes at Coloro! 🖍️

👉 Link in bio to color or print hundreds of free sheets: www.coloro.in
🌐 Direct link: https://coloro.in/app?category=festivals

Save this post for your next creative kids activity session! 💖

.
.
#coloring #coloringpages #freecoloringpages #kidsactivities #toddleractivities #preschool #preschoolactivities #homeschooling #artforkids #coloro #kidsart #coloringbook #freeprintables #kidsfun #diykids #festivals","https://coloro.in/app?category=festivals","","unposted"
"2026-10-01 07:46:14","Celebration Sweets & Thali","festivals","https://raw.githubusercontent.com/Singhak/insta_video/main/pin-106-celebration-sweets-thali.png","Free Printable Festivals Coloring Sheet - Celebration Sweets & Thali | Coloro","Download this free printable Celebration Sweets & Thali coloring page! Perfect for toddlers, preschoolers, and early learners. Features crisp high-contrast outlines for easy crayon coloring alongside a digital magic color preview. Print the PDF directly or color online with interactive sound effects and glitter brushes at Coloro.in. Discover our full Festivals collection at https://coloro.in/app?category=festivals. #kidsactivities #coloringpages #freecoloringpages #toddleractivities #preschoolprintables #homeschooling","Free Printable Coloring Sheet: Celebration Sweets & Thali! 🎨✨

Print this out for relaxing, high-contrast coloring at home or in class, or color it online with digital magic brushes at Coloro! 🖍️

👉 Link in bio to color or print hundreds of free sheets: www.coloro.in
🌐 Direct link: https://coloro.in/app?category=festivals

Save this post for your next creative kids activity session! 💖

.
.
#coloring #coloringpages #freecoloringpages #kidsactivities #toddleractivities #preschool #preschoolactivities #homeschooling #artforkids #coloro #kidsart #coloringbook #freeprintables #kidsfun #diykids #festivals","https://coloro.in/app?category=festivals","","unposted"
"2026-10-01 07:46:02","Festive Kandil Sky Lantern","festivals","https://raw.githubusercontent.com/Singhak/insta_video/main/pin-105-festive-kandil-sky-lantern.png","Free Printable Festivals Coloring Sheet - Festive Kandil Sky Lantern | Coloro","Download this free printable Festive Kandil Sky Lantern coloring page! Perfect for toddlers, preschoolers, and early learners. Features crisp high-contrast outlines for easy crayon coloring alongside a digital magic color preview. Print the PDF directly or color online with interactive sound effects and glitter brushes at Coloro.in. Discover our full Festivals collection at https://coloro.in/app?category=festivals. #kidsactivities #coloringpages #freecoloringpages #toddleractivities #preschoolprintables #homeschooling","Free Printable Coloring Sheet: Festive Kandil Sky Lantern! 🎨✨

Print this out for relaxing, high-contrast coloring at home or in class, or color it online with digital magic brushes at Coloro! 🖍️

👉 Link in bio to color or print hundreds of free sheets: www.coloro.in
🌐 Direct link: https://coloro.in/app?category=festivals

Save this post for your next creative kids activity session! 💖

.
.
#coloring #coloringpages #freecoloringpages #kidsactivities #toddleractivities #preschool #preschoolactivities #homeschooling #artforkids #coloro #kidsart #coloringbook #freeprintables #kidsfun #diykids #festivals","https://coloro.in/app?category=festivals","","unposted"
"2026-10-01 07:45:50","Ornate Diya & Floral Rangoli","festivals","https://raw.githubusercontent.com/Singhak/insta_video/main/pin-104-ornate-diya-floral-rangoli.png","Free Printable Festivals Coloring Sheet - Ornate Diya & Floral Rangoli | Coloro","Download this free printable Ornate Diya & Floral Rangoli coloring page! Perfect for toddlers, preschoolers, and early learners. Features crisp high-contrast outlines for easy crayon coloring alongside a digital magic color preview. Print the PDF directly or color online with interactive sound effects and glitter brushes at Coloro.in. Discover our full Festivals collection at https://coloro.in/app?category=festivals. #kidsactivities #coloringpages #freecoloringpages #toddleractivities #preschoolprintables #homeschooling","Free Printable Coloring Sheet: Ornate Diya & Floral Rangoli! 🎨✨

Print this out for relaxing, high-contrast coloring at home or in class, or color it online with digital magic brushes at Coloro! 🖍️

👉 Link in bio to color or print hundreds of free sheets: www.coloro.in
🌐 Direct link: https://coloro.in/app?category=festivals

Save this post for your next creative kids activity session! 💖

.
.
#coloring #coloringpages #freecoloringpages #kidsactivities #toddleractivities #preschool #preschoolactivities #homeschooling #artforkids #coloro #kidsart #coloringbook #freeprintables #kidsfun #diykids #festivals","https://coloro.in/app?category=festivals","","unposted"
"2026-10-01 07:45:38","Skybound Zeppelin Airship","weekly","https://raw.githubusercontent.com/Singhak/insta_video/main/pin-103-skybound-zeppelin-airship.png","Free Printable Weekly Drops Coloring Sheet - Skybound Zeppelin Airship | Coloro","Download this free printable Skybound Zeppelin Airship coloring page! Perfect for toddlers, preschoolers, and early learners. Features crisp high-contrast outlines for easy crayon coloring alongside a digital magic color preview. Print the PDF directly or color online with interactive sound effects and glitter brushes at Coloro.in. Discover our full Weekly Drops collection at https://coloro.in/app?category=weekly. #kidsactivities #coloringpages #freecoloringpages #toddleractivities #preschoolprintables #homeschooling","Free Printable Coloring Sheet: Skybound Zeppelin Airship! 🎨✨

Print this out for relaxing, high-contrast coloring at home or in class, or color it online with digital magic brushes at Coloro! 🖍️

👉 Link in bio to color or print hundreds of free sheets: www.coloro.in
🌐 Direct link: https://coloro.in/app?category=weekly

Save this post for your next creative kids activity session! 💖

.
.
#coloring #coloringpages #freecoloringpages #kidsactivities #toddleractivities #preschool #preschoolactivities #homeschooling #artforkids #coloro #kidsart #coloringbook #freeprintables #kidsfun #diykids #weekly","https://coloro.in/app?category=weekly","","unposted"
"2026-10-01 07:45:27","Crystal Cavern Baby Dragon","weekly","https://raw.githubusercontent.com/Singhak/insta_video/main/pin-102-crystal-cavern-baby-dragon.png","Free Printable Weekly Drops Coloring Sheet - Crystal Cavern Baby Dragon | Coloro","Download this free printable Crystal Cavern Baby Dragon coloring page! Perfect for toddlers, preschoolers, and early learners. Features crisp high-contrast outlines for easy crayon coloring alongside a digital magic color preview. Print the PDF directly or color online with interactive sound effects and glitter brushes at Coloro.in. Discover our full Weekly Drops collection at https://coloro.in/app?category=weekly. #kidsactivities #coloringpages #freecoloringpages #toddleractivities #preschoolprintables #homeschooling","Free Printable Coloring Sheet: Crystal Cavern Baby Dragon! 🎨✨

Print this out for relaxing, high-contrast coloring at home or in class, or color it online with digital magic brushes at Coloro! 🖍️

👉 Link in bio to color or print hundreds of free sheets: www.coloro.in
🌐 Direct link: https://coloro.in/app?category=weekly

Save this post for your next creative kids activity session! 💖

.
.
#coloring #coloringpages #freecoloringpages #kidsactivities #toddleractivities #preschool #preschoolactivities #homeschooling #artforkids #coloro #kidsart #coloringbook #freeprintables #kidsfun #diykids #weekly","https://coloro.in/app?category=weekly","","unposted"
"2026-10-01 07:45:16","Neon City Cyber Robot","weekly","https://raw.githubusercontent.com/Singhak/insta_video/main/pin-101-neon-city-cyber-robot.png","Free Printable Weekly Drops Coloring Sheet - Neon City Cyber Robot | Coloro","Download this free printable Neon City Cyber Robot coloring page! Perfect for toddlers, preschoolers, and early learners. Features crisp high-contrast outlines for easy crayon coloring alongside a digital magic color preview. Print the PDF directly or color online with interactive sound effects and glitter brushes at Coloro.in. Discover our full Weekly Drops collection at https://coloro.in/app?category=weekly. #kidsactivities #coloringpages #freecoloringpages #toddleractivities #preschoolprintables #homeschooling","Free Printable Coloring Sheet: Neon City Cyber Robot! 🎨✨

Print this out for relaxing, high-contrast coloring at home or in class, or color it online with digital magic brushes at Coloro! 🖍️

👉 Link in bio to color or print hundreds of free sheets: www.coloro.in
🌐 Direct link: https://coloro.in/app?category=weekly

Save this post for your next creative kids activity session! 💖

.
.
#coloring #coloringpages #freecoloringpages #kidsactivities #toddleractivities #preschool #preschoolactivities #homeschooling #artforkids #coloro #kidsart #coloringbook #freeprintables #kidsfun #diykids #weekly","https://coloro.in/app?category=weekly","","unposted"
"2026-10-01 07:38:13","Friendly Coral Dolphin","weekly","https://raw.githubusercontent.com/Singhak/insta_video/main/pin-100-friendly-coral-dolphin.png","Free Printable Weekly Drops Coloring Sheet - Friendly Coral Dolphin | Coloro","Download this free printable Friendly Coral Dolphin coloring page! Perfect for toddlers, preschoolers, and early learners. Features crisp high-contrast outlines for easy crayon coloring alongside a digital magic color preview. Print the PDF directly or color online with interactive sound effects and glitter brushes at Coloro.in. Discover our full Weekly Drops collection at https://coloro.in/app?category=weekly. #kidsactivities #coloringpages #freecoloringpages #toddleractivities #preschoolprintables #homeschooling","Free Printable Coloring Sheet: Friendly Coral Dolphin! 🎨✨

Print this out for relaxing, high-contrast coloring at home or in class, or color it online with digital magic brushes at Coloro! 🖍️

👉 Link in bio to color or print hundreds of free sheets: www.coloro.in
🌐 Direct link: https://coloro.in/app?category=weekly

Save this post for your next creative kids activity session! 💖

.
.
#coloring #coloringpages #freecoloringpages #kidsactivities #toddleractivities #preschool #preschoolactivities #homeschooling #artforkids #coloro #kidsart #coloringbook #freeprintables #kidsfun #diykids #weekly","https://coloro.in/app?category=weekly","","unposted"
"2026-10-01 07:38:13","Supercharged Cyber Racer","weekly","https://raw.githubusercontent.com/Singhak/insta_video/main/pin-099-supercharged-cyber-racer.png","Free Printable Weekly Drops Coloring Sheet - Supercharged Cyber Racer | Coloro","Download this free printable Supercharged Cyber Racer coloring page! Perfect for toddlers, preschoolers, and early learners. Features crisp high-contrast outlines for easy crayon coloring alongside a digital magic color preview. Print the PDF directly or color online with interactive sound effects and glitter brushes at Coloro.in. Discover our full Weekly Drops collection at https://coloro.in/app?category=weekly. #kidsactivities #coloringpages #freecoloringpages #toddleractivities #preschoolprintables #homeschooling","Free Printable Coloring Sheet: Supercharged Cyber Racer! 🎨✨

Print this out for relaxing, high-contrast coloring at home or in class, or color it online with digital magic brushes at Coloro! 🖍️

👉 Link in bio to color or print hundreds of free sheets: www.coloro.in
🌐 Direct link: https://coloro.in/app?category=weekly

Save this post for your next creative kids activity session! 💖

.
.
#coloring #coloringpages #freecoloringpages #kidsactivities #toddleractivities #preschool #preschoolactivities #homeschooling #artforkids #coloro #kidsart #coloringbook #freeprintables #kidsfun #diykids #weekly","https://coloro.in/app?category=weekly","","unposted"
"2026-10-01 07:38:13","Magical Flying Unicorn","weekly","https://raw.githubusercontent.com/Singhak/insta_video/main/pin-098-magical-flying-unicorn.png","Free Printable Weekly Drops Coloring Sheet - Magical Flying Unicorn | Coloro","Download this free printable Magical Flying Unicorn coloring page! Perfect for toddlers, preschoolers, and early learners. Features crisp high-contrast outlines for easy crayon coloring alongside a digital magic color preview. Print the PDF directly or color online with interactive sound effects and glitter brushes at Coloro.in. Discover our full Weekly Drops collection at https://coloro.in/app?category=weekly. #kidsactivities #coloringpages #freecoloringpages #toddleractivities #preschoolprintables #homeschooling","Free Printable Coloring Sheet: Magical Flying Unicorn! 🎨✨

Print this out for relaxing, high-contrast coloring at home or in class, or color it online with digital magic brushes at Coloro! 🖍️

👉 Link in bio to color or print hundreds of free sheets: www.coloro.in
🌐 Direct link: https://coloro.in/app?category=weekly

Save this post for your next creative kids activity session! 💖

.
.
#coloring #coloringpages #freecoloringpages #kidsactivities #toddleractivities #preschool #preschoolactivities #homeschooling #artforkids #coloro #kidsart #coloringbook #freeprintables #kidsfun #diykids #weekly","https://coloro.in/app?category=weekly","","unposted"
"2026-10-01 07:38:13","Baby T-Rex Volcano Valley","weekly","https://raw.githubusercontent.com/Singhak/insta_video/main/pin-097-baby-t-rex-volcano-valley.png","Free Printable Weekly Drops Coloring Sheet - Baby T-Rex Volcano Valley | Coloro","Download this free printable Baby T-Rex Volcano Valley coloring page! Perfect for toddlers, preschoolers, and early learners. Features crisp high-contrast outlines for easy crayon coloring alongside a digital magic color preview. Print the PDF directly or color online with interactive sound effects and glitter brushes at Coloro.in. Discover our full Weekly Drops collection at https://coloro.in/app?category=weekly. #kidsactivities #coloringpages #freecoloringpages #toddleractivities #preschoolprintables #homeschooling","Free Printable Coloring Sheet: Baby T-Rex Volcano Valley! 🎨✨

Print this out for relaxing, high-contrast coloring at home or in class, or color it online with digital magic brushes at Coloro! 🖍️

👉 Link in bio to color or print hundreds of free sheets: www.coloro.in
🌐 Direct link: https://coloro.in/app?category=weekly

Save this post for your next creative kids activity session! 💖

.
.
#coloring #coloringpages #freecoloringpages #kidsactivities #toddleractivities #preschool #preschoolactivities #homeschooling #artforkids #coloro #kidsart #coloringbook #freeprintables #kidsfun #diykids #weekly","https://coloro.in/app?category=weekly","","unposted"
"2026-10-01 07:38:13","Deep Sea Turtle & Coral Reef","weekly","https://raw.githubusercontent.com/Singhak/insta_video/main/pin-096-deep-sea-turtle-coral-reef.png","Free Printable Weekly Drops Coloring Sheet - Deep Sea Turtle & Coral Reef | Coloro","Download this free printable Deep Sea Turtle & Coral Reef coloring page! Perfect for toddlers, preschoolers, and early learners. Features crisp high-contrast outlines for easy crayon coloring alongside a digital magic color preview. Print the PDF directly or color online with interactive sound effects and glitter brushes at Coloro.in. Discover our full Weekly Drops collection at https://coloro.in/app?category=weekly. #kidsactivities #coloringpages #freecoloringpages #toddleractivities #preschoolprintables #homeschooling","Free Printable Coloring Sheet: Deep Sea Turtle & Coral Reef! 🎨✨

Print this out for relaxing, high-contrast coloring at home or in class, or color it online with digital magic brushes at Coloro! 🖍️

👉 Link in bio to color or print hundreds of free sheets: www.coloro.in
🌐 Direct link: https://coloro.in/app?category=weekly

Save this post for your next creative kids activity session! 💖

.
.
#coloring #coloringpages #freecoloringpages #kidsactivities #toddleractivities #preschool #preschoolactivities #homeschooling #artforkids #coloro #kidsart #coloringbook #freeprintables #kidsfun #diykids #weekly","https://coloro.in/app?category=weekly","","unposted"
"2026-10-01 07:38:13","Enchanted Fairy Treehouse","weekly","https://raw.githubusercontent.com/Singhak/insta_video/main/pin-095-enchanted-fairy-treehouse.png","Free Printable Weekly Drops Coloring Sheet - Enchanted Fairy Treehouse | Coloro","Download this free printable Enchanted Fairy Treehouse coloring page! Perfect for toddlers, preschoolers, and early learners. Features crisp high-contrast outlines for easy crayon coloring alongside a digital magic color preview. Print the PDF directly or color online with interactive sound effects and glitter brushes at Coloro.in. Discover our full Weekly Drops collection at https://coloro.in/app?category=weekly. #kidsactivities #coloringpages #freecoloringpages #toddleractivities #preschoolprintables #homeschooling","Free Printable Coloring Sheet: Enchanted Fairy Treehouse! 🎨✨

Print this out for relaxing, high-contrast coloring at home or in class, or color it online with digital magic brushes at Coloro! 🖍️

👉 Link in bio to color or print hundreds of free sheets: www.coloro.in
🌐 Direct link: https://coloro.in/app?category=weekly

Save this post for your next creative kids activity session! 💖

.
.
#coloring #coloringpages #freecoloringpages #kidsactivities #toddleractivities #preschool #preschoolactivities #homeschooling #artforkids #coloro #kidsart #coloringbook #freeprintables #kidsfun #diykids #weekly","https://coloro.in/app?category=weekly","","unposted"
"2026-10-01 07:38:13","Galactic Rocket & Planets","weekly","https://raw.githubusercontent.com/Singhak/insta_video/main/pin-094-galactic-rocket-planets.png","Free Printable Weekly Drops Coloring Sheet - Galactic Rocket & Planets | Coloro","Download this free printable Galactic Rocket & Planets coloring page! Perfect for toddlers, preschoolers, and early learners. Features crisp high-contrast outlines for easy crayon coloring alongside a digital magic color preview. Print the PDF directly or color online with interactive sound effects and glitter brushes at Coloro.in. Discover our full Weekly Drops collection at https://coloro.in/app?category=weekly. #kidsactivities #coloringpages #freecoloringpages #toddleractivities #preschoolprintables #homeschooling","Free Printable Coloring Sheet: Galactic Rocket & Planets! 🎨✨

Print this out for relaxing, high-contrast coloring at home or in class, or color it online with digital magic brushes at Coloro! 🖍️

👉 Link in bio to color or print hundreds of free sheets: www.coloro.in
🌐 Direct link: https://coloro.in/app?category=weekly

Save this post for your next creative kids activity session! 💖

.
.
#coloring #coloringpages #freecoloringpages #kidsactivities #toddleractivities #preschool #preschoolactivities #homeschooling #artforkids #coloro #kidsart #coloringbook #freeprintables #kidsfun #diykids #weekly","https://coloro.in/app?category=weekly","","unposted"
"2026-10-01 07:38:13","Astronaut in Deep Space","space","https://raw.githubusercontent.com/Singhak/insta_video/main/pin-093-astronaut-in-deep-space.png","Free Printable Space Coloring Sheet - Astronaut in Deep Space | Coloro","Download this free printable Astronaut in Deep Space coloring page! Perfect for toddlers, preschoolers, and early learners. Features crisp high-contrast outlines for easy crayon coloring alongside a digital magic color preview. Print the PDF directly or color online with interactive sound effects and glitter brushes at Coloro.in. Discover our full Space collection at https://coloro.in/app?category=space. #kidsactivities #coloringpages #freecoloringpages #toddleractivities #preschoolprintables #homeschooling","Free Printable Coloring Sheet: Astronaut in Deep Space! 🎨✨

Print this out for relaxing, high-contrast coloring at home or in class, or color it online with digital magic brushes at Coloro! 🖍️

👉 Link in bio to color or print hundreds of free sheets: www.coloro.in
🌐 Direct link: https://coloro.in/app?category=space

Save this post for your next creative kids activity session! 💖

.
.
#coloring #coloringpages #freecoloringpages #kidsactivities #toddleractivities #preschool #preschoolactivities #homeschooling #artforkids #coloro #kidsart #coloringbook #freeprintables #kidsfun #diykids #space","https://coloro.in/app?category=space","","unposted"
"2026-10-01 07:38:13","Majestic Jungle T-Rex","animal","https://raw.githubusercontent.com/Singhak/insta_video/main/pin-092-majestic-jungle-t-rex.png","Free Printable Animals Coloring Sheet - Majestic Jungle T-Rex | Coloro","Download this free printable Majestic Jungle T-Rex coloring page! Perfect for toddlers, preschoolers, and early learners. Features crisp high-contrast outlines for easy crayon coloring alongside a digital magic color preview. Print the PDF directly or color online with interactive sound effects and glitter brushes at Coloro.in. Discover our full Animals collection at https://coloro.in/app?category=animals. #kidsactivities #coloringpages #freecoloringpages #toddleractivities #preschoolprintables #homeschooling","Free Printable Coloring Sheet: Majestic Jungle T-Rex! 🎨✨

Print this out for relaxing, high-contrast coloring at home or in class, or color it online with digital magic brushes at Coloro! 🖍️

👉 Link in bio to color or print hundreds of free sheets: www.coloro.in
🌐 Direct link: https://coloro.in/app?category=animals

Save this post for your next creative kids activity session! 💖

.
.
#coloring #coloringpages #freecoloringpages #kidsactivities #toddleractivities #preschool #preschoolactivities #homeschooling #artforkids #coloro #kidsart #coloringbook #freeprintables #kidsfun #diykids #animal","https://coloro.in/app?category=animals","","unposted"
"2026-10-01 07:38:13","Monarch Butterfly & Blooms","nature","https://raw.githubusercontent.com/Singhak/insta_video/main/pin-091-monarch-butterfly-blooms.png","Free Printable Nature Coloring Sheet - Monarch Butterfly & Blooms | Coloro","Download this free printable Monarch Butterfly & Blooms coloring page! Perfect for toddlers, preschoolers, and early learners. Features crisp high-contrast outlines for easy crayon coloring alongside a digital magic color preview. Print the PDF directly or color online with interactive sound effects and glitter brushes at Coloro.in. Discover our full Nature collection at https://coloro.in/app?category=nature. #kidsactivities #coloringpages #freecoloringpages #toddleractivities #preschoolprintables #homeschooling","Free Printable Coloring Sheet: Monarch Butterfly & Blooms! 🎨✨

Print this out for relaxing, high-contrast coloring at home or in class, or color it online with digital magic brushes at Coloro! 🖍️

👉 Link in bio to color or print hundreds of free sheets: www.coloro.in
🌐 Direct link: https://coloro.in/app?category=nature

Save this post for your next creative kids activity session! 💖

.
.
#coloring #coloringpages #freecoloringpages #kidsactivities #toddleractivities #preschool #preschoolactivities #homeschooling #artforkids #coloro #kidsart #coloringbook #freeprintables #kidsfun #diykids #nature","https://coloro.in/app?category=nature","","unposted"
"2026-10-01 07:38:13","Enchanted Kingdom Castle","nature","https://raw.githubusercontent.com/Singhak/insta_video/main/pin-090-enchanted-kingdom-castle.png","Free Printable Nature Coloring Sheet - Enchanted Kingdom Castle | Coloro","Download this free printable Enchanted Kingdom Castle coloring page! Perfect for toddlers, preschoolers, and early learners. Features crisp high-contrast outlines for easy crayon coloring alongside a digital magic color preview. Print the PDF directly or color online with interactive sound effects and glitter brushes at Coloro.in. Discover our full Nature collection at https://coloro.in/app?category=nature. #kidsactivities #coloringpages #freecoloringpages #toddleractivities #preschoolprintables #homeschooling","Free Printable Coloring Sheet: Enchanted Kingdom Castle! 🎨✨

Print this out for relaxing, high-contrast coloring at home or in class, or color it online with digital magic brushes at Coloro! 🖍️

👉 Link in bio to color or print hundreds of free sheets: www.coloro.in
🌐 Direct link: https://coloro.in/app?category=nature

Save this post for your next creative kids activity session! 💖

.
.
#coloring #coloringpages #freecoloringpages #kidsactivities #toddleractivities #preschool #preschoolactivities #homeschooling #artforkids #coloro #kidsart #coloringbook #freeprintables #kidsfun #diykids #nature","https://coloro.in/app?category=nature","","unposted"
"2026-10-01 07:38:13","Supersonic GT Racecar","vehicles","https://raw.githubusercontent.com/Singhak/insta_video/main/pin-089-supersonic-gt-racecar.png","Free Printable Vehicles Coloring Sheet - Supersonic GT Racecar | Coloro","Download this free printable Supersonic GT Racecar coloring page! Perfect for toddlers, preschoolers, and early learners. Features crisp high-contrast outlines for easy crayon coloring alongside a digital magic color preview. Print the PDF directly or color online with interactive sound effects and glitter brushes at Coloro.in. Discover our full Vehicles collection at https://coloro.in/app?category=vehicles. #kidsactivities #coloringpages #freecoloringpages #toddleractivities #preschoolprintables #homeschooling","Free Printable Coloring Sheet: Supersonic GT Racecar! 🎨✨

Print this out for relaxing, high-contrast coloring at home or in class, or color it online with digital magic brushes at Coloro! 🖍️

👉 Link in bio to color or print hundreds of free sheets: www.coloro.in
🌐 Direct link: https://coloro.in/app?category=vehicles

Save this post for your next creative kids activity session! 💖

.
.
#coloring #coloringpages #freecoloringpages #kidsactivities #toddleractivities #preschool #preschoolactivities #homeschooling #artforkids #coloro #kidsart #coloringbook #freeprintables #kidsfun #diykids #vehicles","https://coloro.in/app?category=vehicles","","unposted"
"2026-10-01 07:38:13","Playful Golden Puppy","animal","https://raw.githubusercontent.com/Singhak/insta_video/main/pin-088-playful-golden-puppy.png","Free Printable Animals Coloring Sheet - Playful Golden Puppy | Coloro","Download this free printable Playful Golden Puppy coloring page! Perfect for toddlers, preschoolers, and early learners. Features crisp high-contrast outlines for easy crayon coloring alongside a digital magic color preview. Print the PDF directly or color online with interactive sound effects and glitter brushes at Coloro.in. Discover our full Animals collection at https://coloro.in/app?category=animals. #kidsactivities #coloringpages #freecoloringpages #toddleractivities #preschoolprintables #homeschooling","Free Printable Coloring Sheet: Playful Golden Puppy! 🎨✨

Print this out for relaxing, high-contrast coloring at home or in class, or color it online with digital magic brushes at Coloro! 🖍️

👉 Link in bio to color or print hundreds of free sheets: www.coloro.in
🌐 Direct link: https://coloro.in/app?category=animals

Save this post for your next creative kids activity session! 💖

.
.
#coloring #coloringpages #freecoloringpages #kidsactivities #toddleractivities #preschool #preschoolactivities #homeschooling #artforkids #coloro #kidsart #coloringbook #freeprintables #kidsfun #diykids #animal","https://coloro.in/app?category=animals","","unposted"
"2026-10-01 07:38:13","Majestic Safari Lion","animal","https://raw.githubusercontent.com/Singhak/insta_video/main/pin-087-majestic-safari-lion.png","Free Printable Animals Coloring Sheet - Majestic Safari Lion | Coloro","Download this free printable Majestic Safari Lion coloring page! Perfect for toddlers, preschoolers, and early learners. Features crisp high-contrast outlines for easy crayon coloring alongside a digital magic color preview. Print the PDF directly or color online with interactive sound effects and glitter brushes at Coloro.in. Discover our full Animals collection at https://coloro.in/app?category=animals. #kidsactivities #coloringpages #freecoloringpages #toddleractivities #preschoolprintables #homeschooling","Free Printable Coloring Sheet: Majestic Safari Lion! 🎨✨

Print this out for relaxing, high-contrast coloring at home or in class, or color it online with digital magic brushes at Coloro! 🖍️

👉 Link in bio to color or print hundreds of free sheets: www.coloro.in
🌐 Direct link: https://coloro.in/app?category=animals

Save this post for your next creative kids activity session! 💖

.
.
#coloring #coloringpages #freecoloringpages #kidsactivities #toddleractivities #preschool #preschoolactivities #homeschooling #artforkids #coloro #kidsart #coloringbook #freeprintables #kidsfun #diykids #animal","https://coloro.in/app?category=animals","","unposted"
"2026-10-01 07:38:13","Sparkling Mountain Waterfall","nature","https://raw.githubusercontent.com/Singhak/insta_video/main/pin-086-sparkling-mountain-waterfall.png","Free Printable Nature Coloring Sheet - Sparkling Mountain Waterfall | Coloro","Download this free printable Sparkling Mountain Waterfall coloring page! Perfect for toddlers, preschoolers, and early learners. Features crisp high-contrast outlines for easy crayon coloring alongside a digital magic color preview. Print the PDF directly or color online with interactive sound effects and glitter brushes at Coloro.in. Discover our full Nature collection at https://coloro.in/app?category=nature. #kidsactivities #coloringpages #freecoloringpages #toddleractivities #preschoolprintables #homeschooling","Free Printable Coloring Sheet: Sparkling Mountain Waterfall! 🎨✨

Print this out for relaxing, high-contrast coloring at home or in class, or color it online with digital magic brushes at Coloro! 🖍️

👉 Link in bio to color or print hundreds of free sheets: www.coloro.in
🌐 Direct link: https://coloro.in/app?category=nature

Save this post for your next creative kids activity session! 💖

.
.
#coloring #coloringpages #freecoloringpages #kidsactivities #toddleractivities #preschool #preschoolactivities #homeschooling #artforkids #coloro #kidsart #coloringbook #freeprintables #kidsfun #diykids #nature","https://coloro.in/app?category=nature","","unposted"
"2026-10-01 07:38:13","Tropical Island & Ocean Waves","nature","https://raw.githubusercontent.com/Singhak/insta_video/main/pin-085-tropical-island-ocean-waves.png","Free Printable Nature Coloring Sheet - Tropical Island & Ocean Waves | Coloro","Download this free printable Tropical Island & Ocean Waves coloring page! Perfect for toddlers, preschoolers, and early learners. Features crisp high-contrast outlines for easy crayon coloring alongside a digital magic color preview. Print the PDF directly or color online with interactive sound effects and glitter brushes at Coloro.in. Discover our full Nature collection at https://coloro.in/app?category=nature. #kidsactivities #coloringpages #freecoloringpages #toddleractivities #preschoolprintables #homeschooling","Free Printable Coloring Sheet: Tropical Island & Ocean Waves! 🎨✨

Print this out for relaxing, high-contrast coloring at home or in class, or color it online with digital magic brushes at Coloro! 🖍️

👉 Link in bio to color or print hundreds of free sheets: www.coloro.in
🌐 Direct link: https://coloro.in/app?category=nature

Save this post for your next creative kids activity session! 💖

.
.
#coloring #coloringpages #freecoloringpages #kidsactivities #toddleractivities #preschool #preschoolactivities #homeschooling #artforkids #coloro #kidsart #coloringbook #freeprintables #kidsfun #diykids #nature","https://coloro.in/app?category=nature","","unposted"
"2026-10-01 07:38:13","Heroic Fire Engine Truck","vehicles","https://raw.githubusercontent.com/Singhak/insta_video/main/pin-084-heroic-fire-engine-truck.png","Free Printable Vehicles Coloring Sheet - Heroic Fire Engine Truck | Coloro","Download this free printable Heroic Fire Engine Truck coloring page! Perfect for toddlers, preschoolers, and early learners. Features crisp high-contrast outlines for easy crayon coloring alongside a digital magic color preview. Print the PDF directly or color online with interactive sound effects and glitter brushes at Coloro.in. Discover our full Vehicles collection at https://coloro.in/app?category=vehicles. #kidsactivities #coloringpages #freecoloringpages #toddleractivities #preschoolprintables #homeschooling","Free Printable Coloring Sheet: Heroic Fire Engine Truck! 🎨✨

Print this out for relaxing, high-contrast coloring at home or in class, or color it online with digital magic brushes at Coloro! 🖍️

👉 Link in bio to color or print hundreds of free sheets: www.coloro.in
🌐 Direct link: https://coloro.in/app?category=vehicles

Save this post for your next creative kids activity session! 💖

.
.
#coloring #coloringpages #freecoloringpages #kidsactivities #toddleractivities #preschool #preschoolactivities #homeschooling #artforkids #coloro #kidsart #coloringbook #freeprintables #kidsfun #diykids #vehicles","https://coloro.in/app?category=vehicles","","unposted"
"2026-10-01 07:38:13","Grand Sailing Galleon","vehicles","https://raw.githubusercontent.com/Singhak/insta_video/main/pin-083-grand-sailing-galleon.png","Free Printable Vehicles Coloring Sheet - Grand Sailing Galleon | Coloro","Download this free printable Grand Sailing Galleon coloring page! Perfect for toddlers, preschoolers, and early learners. Features crisp high-contrast outlines for easy crayon coloring alongside a digital magic color preview. Print the PDF directly or color online with interactive sound effects and glitter brushes at Coloro.in. Discover our full Vehicles collection at https://coloro.in/app?category=vehicles. #kidsactivities #coloringpages #freecoloringpages #toddleractivities #preschoolprintables #homeschooling","Free Printable Coloring Sheet: Grand Sailing Galleon! 🎨✨

Print this out for relaxing, high-contrast coloring at home or in class, or color it online with digital magic brushes at Coloro! 🖍️

👉 Link in bio to color or print hundreds of free sheets: www.coloro.in
🌐 Direct link: https://coloro.in/app?category=vehicles

Save this post for your next creative kids activity session! 💖

.
.
#coloring #coloringpages #freecoloringpages #kidsactivities #toddleractivities #preschool #preschoolactivities #homeschooling #artforkids #coloro #kidsart #coloringbook #freeprintables #kidsfun #diykids #vehicles","https://coloro.in/app?category=vehicles","","unposted"
"2026-10-01 07:38:13","Sky Rescue Helicopter","vehicles","https://raw.githubusercontent.com/Singhak/insta_video/main/pin-082-sky-rescue-helicopter.png","Free Printable Vehicles Coloring Sheet - Sky Rescue Helicopter | Coloro","Download this free printable Sky Rescue Helicopter coloring page! Perfect for toddlers, preschoolers, and early learners. Features crisp high-contrast outlines for easy crayon coloring alongside a digital magic color preview. Print the PDF directly or color online with interactive sound effects and glitter brushes at Coloro.in. Discover our full Vehicles collection at https://coloro.in/app?category=vehicles. #kidsactivities #coloringpages #freecoloringpages #toddleractivities #preschoolprintables #homeschooling","Free Printable Coloring Sheet: Sky Rescue Helicopter! 🎨✨

Print this out for relaxing, high-contrast coloring at home or in class, or color it online with digital magic brushes at Coloro! 🖍️

👉 Link in bio to color or print hundreds of free sheets: www.coloro.in
🌐 Direct link: https://coloro.in/app?category=vehicles

Save this post for your next creative kids activity session! 💖

.
.
#coloring #coloringpages #freecoloringpages #kidsactivities #toddleractivities #preschool #preschoolactivities #homeschooling #artforkids #coloro #kidsart #coloringbook #freeprintables #kidsfun #diykids #vehicles","https://coloro.in/app?category=vehicles","","unposted"
"2026-10-01 07:38:13","Classic Yellow School Bus","vehicles","https://raw.githubusercontent.com/Singhak/insta_video/main/pin-081-classic-yellow-school-bus.png","Free Printable Vehicles Coloring Sheet - Classic Yellow School Bus | Coloro","Download this free printable Classic Yellow School Bus coloring page! Perfect for toddlers, preschoolers, and early learners. Features crisp high-contrast outlines for easy crayon coloring alongside a digital magic color preview. Print the PDF directly or color online with interactive sound effects and glitter brushes at Coloro.in. Discover our full Vehicles collection at https://coloro.in/app?category=vehicles. #kidsactivities #coloringpages #freecoloringpages #toddleractivities #preschoolprintables #homeschooling","Free Printable Coloring Sheet: Classic Yellow School Bus! 🎨✨

Print this out for relaxing, high-contrast coloring at home or in class, or color it online with digital magic brushes at Coloro! 🖍️

👉 Link in bio to color or print hundreds of free sheets: www.coloro.in
🌐 Direct link: https://coloro.in/app?category=vehicles

Save this post for your next creative kids activity session! 💖

.
.
#coloring #coloringpages #freecoloringpages #kidsactivities #toddleractivities #preschool #preschoolactivities #homeschooling #artforkids #coloro #kidsart #coloringbook #freeprintables #kidsfun #diykids #vehicles","https://coloro.in/app?category=vehicles","","unposted"
"2026-10-01 07:38:13","Lunar Moon Rover","space","https://raw.githubusercontent.com/Singhak/insta_video/main/pin-080-lunar-moon-rover.png","Free Printable Space Coloring Sheet - Lunar Moon Rover | Coloro","Download this free printable Lunar Moon Rover coloring page! Perfect for toddlers, preschoolers, and early learners. Features crisp high-contrast outlines for easy crayon coloring alongside a digital magic color preview. Print the PDF directly or color online with interactive sound effects and glitter brushes at Coloro.in. Discover our full Space collection at https://coloro.in/app?category=space. #kidsactivities #coloringpages #freecoloringpages #toddleractivities #preschoolprintables #homeschooling","Free Printable Coloring Sheet: Lunar Moon Rover! 🎨✨

Print this out for relaxing, high-contrast coloring at home or in class, or color it online with digital magic brushes at Coloro! 🖍️

👉 Link in bio to color or print hundreds of free sheets: www.coloro.in
🌐 Direct link: https://coloro.in/app?category=space

Save this post for your next creative kids activity session! 💖

.
.
#coloring #coloringpages #freecoloringpages #kidsactivities #toddleractivities #preschool #preschoolactivities #homeschooling #artforkids #coloro #kidsart #coloringbook #freeprintables #kidsfun #diykids #space","https://coloro.in/app?category=space","","unposted"
"2026-10-01 07:38:13","Blazing Shooting Comet","space","https://raw.githubusercontent.com/Singhak/insta_video/main/pin-079-blazing-shooting-comet.png","Free Printable Space Coloring Sheet - Blazing Shooting Comet | Coloro","Download this free printable Blazing Shooting Comet coloring page! Perfect for toddlers, preschoolers, and early learners. Features crisp high-contrast outlines for easy crayon coloring alongside a digital magic color preview. Print the PDF directly or color online with interactive sound effects and glitter brushes at Coloro.in. Discover our full Space collection at https://coloro.in/app?category=space. #kidsactivities #coloringpages #freecoloringpages #toddleractivities #preschoolprintables #homeschooling","Free Printable Coloring Sheet: Blazing Shooting Comet! 🎨✨

Print this out for relaxing, high-contrast coloring at home or in class, or color it online with digital magic brushes at Coloro! 🖍️

👉 Link in bio to color or print hundreds of free sheets: www.coloro.in
🌐 Direct link: https://coloro.in/app?category=space

Save this post for your next creative kids activity session! 💖

.
.
#coloring #coloringpages #freecoloringpages #kidsactivities #toddleractivities #preschool #preschoolactivities #homeschooling #artforkids #coloro #kidsart #coloringbook #freeprintables #kidsfun #diykids #space","https://coloro.in/app?category=space","","unposted"
"2026-10-01 07:38:13","Solar System & Planets","space","https://raw.githubusercontent.com/Singhak/insta_video/main/pin-078-solar-system-planets.png","Free Printable Space Coloring Sheet - Solar System & Planets | Coloro","Download this free printable Solar System & Planets coloring page! Perfect for toddlers, preschoolers, and early learners. Features crisp high-contrast outlines for easy crayon coloring alongside a digital magic color preview. Print the PDF directly or color online with interactive sound effects and glitter brushes at Coloro.in. Discover our full Space collection at https://coloro.in/app?category=space. #kidsactivities #coloringpages #freecoloringpages #toddleractivities #preschoolprintables #homeschooling","Free Printable Coloring Sheet: Solar System & Planets! 🎨✨

Print this out for relaxing, high-contrast coloring at home or in class, or color it online with digital magic brushes at Coloro! 🖍️

👉 Link in bio to color or print hundreds of free sheets: www.coloro.in
🌐 Direct link: https://coloro.in/app?category=space

Save this post for your next creative kids activity session! 💖

.
.
#coloring #coloringpages #freecoloringpages #kidsactivities #toddleractivities #preschool #preschoolactivities #homeschooling #artforkids #coloro #kidsart #coloringbook #freeprintables #kidsfun #diykids #space","https://coloro.in/app?category=space","","unposted"
"2026-10-01 07:38:13","Cosmic Orbital Satellite","space","https://raw.githubusercontent.com/Singhak/insta_video/main/pin-077-cosmic-orbital-satellite.png","Free Printable Space Coloring Sheet - Cosmic Orbital Satellite | Coloro","Download this free printable Cosmic Orbital Satellite coloring page! Perfect for toddlers, preschoolers, and early learners. Features crisp high-contrast outlines for easy crayon coloring alongside a digital magic color preview. Print the PDF directly or color online with interactive sound effects and glitter brushes at Coloro.in. Discover our full Space collection at https://coloro.in/app?category=space. #kidsactivities #coloringpages #freecoloringpages #toddleractivities #preschoolprintables #homeschooling","Free Printable Coloring Sheet: Cosmic Orbital Satellite! 🎨✨

Print this out for relaxing, high-contrast coloring at home or in class, or color it online with digital magic brushes at Coloro! 🖍️

👉 Link in bio to color or print hundreds of free sheets: www.coloro.in
🌐 Direct link: https://coloro.in/app?category=space

Save this post for your next creative kids activity session! 💖

.
.
#coloring #coloringpages #freecoloringpages #kidsactivities #toddleractivities #preschool #preschoolactivities #homeschooling #artforkids #coloro #kidsart #coloringbook #freeprintables #kidsfun #diykids #space","https://coloro.in/app?category=space","","unposted"
"2026-10-01 07:38:13","Friendly Alien in UFO","space","https://raw.githubusercontent.com/Singhak/insta_video/main/pin-076-friendly-alien-in-ufo.png","Free Printable Space Coloring Sheet - Friendly Alien in UFO | Coloro","Download this free printable Friendly Alien in UFO coloring page! Perfect for toddlers, preschoolers, and early learners. Features crisp high-contrast outlines for easy crayon coloring alongside a digital magic color preview. Print the PDF directly or color online with interactive sound effects and glitter brushes at Coloro.in. Discover our full Space collection at https://coloro.in/app?category=space. #kidsactivities #coloringpages #freecoloringpages #toddleractivities #preschoolprintables #homeschooling","Free Printable Coloring Sheet: Friendly Alien in UFO! 🎨✨

Print this out for relaxing, high-contrast coloring at home or in class, or color it online with digital magic brushes at Coloro! 🖍️

👉 Link in bio to color or print hundreds of free sheets: www.coloro.in
🌐 Direct link: https://coloro.in/app?category=space

Save this post for your next creative kids activity session! 💖

.
.
#coloring #coloringpages #freecoloringpages #kidsactivities #toddleractivities #preschool #preschoolactivities #homeschooling #artforkids #coloro #kidsart #coloringbook #freeprintables #kidsfun #diykids #space","https://coloro.in/app?category=space","","unposted"
"2026-10-01 07:38:13","Cozy Teapot & Cup","object","https://raw.githubusercontent.com/Singhak/insta_video/main/pin-075-cozy-teapot-cup.png","Free Printable Objects Coloring Sheet - Cozy Teapot & Cup | Coloro","Download this free printable Cozy Teapot & Cup coloring page! Perfect for toddlers, preschoolers, and early learners. Features crisp high-contrast outlines for easy crayon coloring alongside a digital magic color preview. Print the PDF directly or color online with interactive sound effects and glitter brushes at Coloro.in. Discover our full Objects collection at https://coloro.in/app?category=objects. #kidsactivities #coloringpages #freecoloringpages #toddleractivities #preschoolprintables #homeschooling","Free Printable Coloring Sheet: Cozy Teapot & Cup! 🎨✨

Print this out for relaxing, high-contrast coloring at home or in class, or color it online with digital magic brushes at Coloro! 🖍️

👉 Link in bio to color or print hundreds of free sheets: www.coloro.in
🌐 Direct link: https://coloro.in/app?category=objects

Save this post for your next creative kids activity session! 💖

.
.
#coloring #coloringpages #freecoloringpages #kidsactivities #toddleractivities #preschool #preschoolactivities #homeschooling #artforkids #coloro #kidsart #coloringbook #freeprintables #kidsfun #diykids #object","https://coloro.in/app?category=objects","","unposted"
"2026-10-01 07:38:13","Pirate Treasure Chest","object","https://raw.githubusercontent.com/Singhak/insta_video/main/pin-074-pirate-treasure-chest.png","Free Printable Objects Coloring Sheet - Pirate Treasure Chest | Coloro","Download this free printable Pirate Treasure Chest coloring page! Perfect for toddlers, preschoolers, and early learners. Features crisp high-contrast outlines for easy crayon coloring alongside a digital magic color preview. Print the PDF directly or color online with interactive sound effects and glitter brushes at Coloro.in. Discover our full Objects collection at https://coloro.in/app?category=objects. #kidsactivities #coloringpages #freecoloringpages #toddleractivities #preschoolprintables #homeschooling","Free Printable Coloring Sheet: Pirate Treasure Chest! 🎨✨

Print this out for relaxing, high-contrast coloring at home or in class, or color it online with digital magic brushes at Coloro! 🖍️

👉 Link in bio to color or print hundreds of free sheets: www.coloro.in
🌐 Direct link: https://coloro.in/app?category=objects

Save this post for your next creative kids activity session! 💖

.
.
#coloring #coloringpages #freecoloringpages #kidsactivities #toddleractivities #preschool #preschoolactivities #homeschooling #artforkids #coloro #kidsart #coloringbook #freeprintables #kidsfun #diykids #object","https://coloro.in/app?category=objects","","unposted"
"2026-10-01 07:38:13","Magic Wand & Starlight","object","https://raw.githubusercontent.com/Singhak/insta_video/main/pin-073-magic-wand-starlight.png","Free Printable Objects Coloring Sheet - Magic Wand & Starlight | Coloro","Download this free printable Magic Wand & Starlight coloring page! Perfect for toddlers, preschoolers, and early learners. Features crisp high-contrast outlines for easy crayon coloring alongside a digital magic color preview. Print the PDF directly or color online with interactive sound effects and glitter brushes at Coloro.in. Discover our full Objects collection at https://coloro.in/app?category=objects. #kidsactivities #coloringpages #freecoloringpages #toddleractivities #preschoolprintables #homeschooling","Free Printable Coloring Sheet: Magic Wand & Starlight! 🎨✨

Print this out for relaxing, high-contrast coloring at home or in class, or color it online with digital magic brushes at Coloro! 🖍️

👉 Link in bio to color or print hundreds of free sheets: www.coloro.in
🌐 Direct link: https://coloro.in/app?category=objects

Save this post for your next creative kids activity session! 💖

.
.
#coloring #coloringpages #freecoloringpages #kidsactivities #toddleractivities #preschool #preschoolactivities #homeschooling #artforkids #coloro #kidsart #coloringbook #freeprintables #kidsfun #diykids #object","https://coloro.in/app?category=objects","","unposted"
"2026-10-01 07:38:13","Sweet Ice Cream Sundae","object","https://raw.githubusercontent.com/Singhak/insta_video/main/pin-072-sweet-ice-cream-sundae.png","Free Printable Objects Coloring Sheet - Sweet Ice Cream Sundae | Coloro","Download this free printable Sweet Ice Cream Sundae coloring page! Perfect for toddlers, preschoolers, and early learners. Features crisp high-contrast outlines for easy crayon coloring alongside a digital magic color preview. Print the PDF directly or color online with interactive sound effects and glitter brushes at Coloro.in. Discover our full Objects collection at https://coloro.in/app?category=objects. #kidsactivities #coloringpages #freecoloringpages #toddleractivities #preschoolprintables #homeschooling","Free Printable Coloring Sheet: Sweet Ice Cream Sundae! 🎨✨

Print this out for relaxing, high-contrast coloring at home or in class, or color it online with digital magic brushes at Coloro! 🖍️

👉 Link in bio to color or print hundreds of free sheets: www.coloro.in
🌐 Direct link: https://coloro.in/app?category=objects

Save this post for your next creative kids activity session! 💖

.
.
#coloring #coloringpages #freecoloringpages #kidsactivities #toddleractivities #preschool #preschoolactivities #homeschooling #artforkids #coloro #kidsart #coloringbook #freeprintables #kidsfun #diykids #object","https://coloro.in/app?category=objects","","unposted"
"2026-10-01 07:38:13","Marching Toy Drum","object","https://raw.githubusercontent.com/Singhak/insta_video/main/pin-071-marching-toy-drum.png","Free Printable Objects Coloring Sheet - Marching Toy Drum | Coloro","Download this free printable Marching Toy Drum coloring page! Perfect for toddlers, preschoolers, and early learners. Features crisp high-contrast outlines for easy crayon coloring alongside a digital magic color preview. Print the PDF directly or color online with interactive sound effects and glitter brushes at Coloro.in. Discover our full Objects collection at https://coloro.in/app?category=objects. #kidsactivities #coloringpages #freecoloringpages #toddleractivities #preschoolprintables #homeschooling","Free Printable Coloring Sheet: Marching Toy Drum! 🎨✨

Print this out for relaxing, high-contrast coloring at home or in class, or color it online with digital magic brushes at Coloro! 🖍️

👉 Link in bio to color or print hundreds of free sheets: www.coloro.in
🌐 Direct link: https://coloro.in/app?category=objects

Save this post for your next creative kids activity session! 💖

.
.
#coloring #coloringpages #freecoloringpages #kidsactivities #toddleractivities #preschool #preschoolactivities #homeschooling #artforkids #coloro #kidsart #coloringbook #freeprintables #kidsfun #diykids #object","https://coloro.in/app?category=objects","","unposted"
"2026-10-01 07:38:13","Floating Party Balloons","object","https://raw.githubusercontent.com/Singhak/insta_video/main/pin-070-floating-party-balloons.png","Free Printable Objects Coloring Sheet - Floating Party Balloons | Coloro","Download this free printable Floating Party Balloons coloring page! Perfect for toddlers, preschoolers, and early learners. Features crisp high-contrast outlines for easy crayon coloring alongside a digital magic color preview. Print the PDF directly or color online with interactive sound effects and glitter brushes at Coloro.in. Discover our full Objects collection at https://coloro.in/app?category=objects. #kidsactivities #coloringpages #freecoloringpages #toddleractivities #preschoolprintables #homeschooling","Free Printable Coloring Sheet: Floating Party Balloons! 🎨✨

Print this out for relaxing, high-contrast coloring at home or in class, or color it online with digital magic brushes at Coloro! 🖍️

👉 Link in bio to color or print hundreds of free sheets: www.coloro.in
🌐 Direct link: https://coloro.in/app?category=objects

Save this post for your next creative kids activity session! 💖

.
.
#coloring #coloringpages #freecoloringpages #kidsactivities #toddleractivities #preschool #preschoolactivities #homeschooling #artforkids #coloro #kidsart #coloringbook #freeprintables #kidsfun #diykids #object","https://coloro.in/app?category=objects","","unposted"
"2026-10-01 07:38:13","Retro Alarm Clock","object","https://raw.githubusercontent.com/Singhak/insta_video/main/pin-069-retro-alarm-clock.png","Free Printable Objects Coloring Sheet - Retro Alarm Clock | Coloro","Download this free printable Retro Alarm Clock coloring page! Perfect for toddlers, preschoolers, and early learners. Features crisp high-contrast outlines for easy crayon coloring alongside a digital magic color preview. Print the PDF directly or color online with interactive sound effects and glitter brushes at Coloro.in. Discover our full Objects collection at https://coloro.in/app?category=objects. #kidsactivities #coloringpages #freecoloringpages #toddleractivities #preschoolprintables #homeschooling","Free Printable Coloring Sheet: Retro Alarm Clock! 🎨✨

Print this out for relaxing, high-contrast coloring at home or in class, or color it online with digital magic brushes at Coloro! 🖍️

👉 Link in bio to color or print hundreds of free sheets: www.coloro.in
🌐 Direct link: https://coloro.in/app?category=objects

Save this post for your next creative kids activity session! 💖

.
.
#coloring #coloringpages #freecoloringpages #kidsactivities #toddleractivities #preschool #preschoolactivities #homeschooling #artforkids #coloro #kidsart #coloringbook #freeprintables #kidsfun #diykids #object","https://coloro.in/app?category=objects","","unposted"
"2026-10-01 07:38:13","Friendly Toy Robot","object","https://raw.githubusercontent.com/Singhak/insta_video/main/pin-068-friendly-toy-robot.png","Free Printable Objects Coloring Sheet - Friendly Toy Robot | Coloro","Download this free printable Friendly Toy Robot coloring page! Perfect for toddlers, preschoolers, and early learners. Features crisp high-contrast outlines for easy crayon coloring alongside a digital magic color preview. Print the PDF directly or color online with interactive sound effects and glitter brushes at Coloro.in. Discover our full Objects collection at https://coloro.in/app?category=objects. #kidsactivities #coloringpages #freecoloringpages #toddleractivities #preschoolprintables #homeschooling","Free Printable Coloring Sheet: Friendly Toy Robot! 🎨✨

Print this out for relaxing, high-contrast coloring at home or in class, or color it online with digital magic brushes at Coloro! 🖍️

👉 Link in bio to color or print hundreds of free sheets: www.coloro.in
🌐 Direct link: https://coloro.in/app?category=objects

Save this post for your next creative kids activity session! 💖

.
.
#coloring #coloringpages #freecoloringpages #kidsactivities #toddleractivities #preschool #preschoolactivities #homeschooling #artforkids #coloro #kidsart #coloringbook #freeprintables #kidsfun #diykids #object","https://coloro.in/app?category=objects","","unposted"
"2026-10-01 07:38:13","Gift Box Surprise","object","https://raw.githubusercontent.com/Singhak/insta_video/main/pin-067-gift-box-surprise.png","Free Printable Objects Coloring Sheet - Gift Box Surprise | Coloro","Download this free printable Gift Box Surprise coloring page! Perfect for toddlers, preschoolers, and early learners. Features crisp high-contrast outlines for easy crayon coloring alongside a digital magic color preview. Print the PDF directly or color online with interactive sound effects and glitter brushes at Coloro.in. Discover our full Objects collection at https://coloro.in/app?category=objects. #kidsactivities #coloringpages #freecoloringpages #toddleractivities #preschoolprintables #homeschooling","Free Printable Coloring Sheet: Gift Box Surprise! 🎨✨

Print this out for relaxing, high-contrast coloring at home or in class, or color it online with digital magic brushes at Coloro! 🖍️

👉 Link in bio to color or print hundreds of free sheets: www.coloro.in
🌐 Direct link: https://coloro.in/app?category=objects

Save this post for your next creative kids activity session! 💖

.
.
#coloring #coloringpages #freecoloringpages #kidsactivities #toddleractivities #preschool #preschoolactivities #homeschooling #artforkids #coloro #kidsart #coloringbook #freeprintables #kidsfun #diykids #object","https://coloro.in/app?category=objects","","unposted"
"2026-10-01 07:38:13","Flying Kite","object","https://raw.githubusercontent.com/Singhak/insta_video/main/pin-066-flying-kite.png","Free Printable Objects Coloring Sheet - Flying Kite | Coloro","Download this free printable Flying Kite coloring page! Perfect for toddlers, preschoolers, and early learners. Features crisp high-contrast outlines for easy crayon coloring alongside a digital magic color preview. Print the PDF directly or color online with interactive sound effects and glitter brushes at Coloro.in. Discover our full Objects collection at https://coloro.in/app?category=objects. #kidsactivities #coloringpages #freecoloringpages #toddleractivities #preschoolprintables #homeschooling","Free Printable Coloring Sheet: Flying Kite! 🎨✨

Print this out for relaxing, high-contrast coloring at home or in class, or color it online with digital magic brushes at Coloro! 🖍️

👉 Link in bio to color or print hundreds of free sheets: www.coloro.in
🌐 Direct link: https://coloro.in/app?category=objects

Save this post for your next creative kids activity session! 💖

.
.
#coloring #coloringpages #freecoloringpages #kidsactivities #toddleractivities #preschool #preschoolactivities #homeschooling #artforkids #coloro #kidsart #coloringbook #freeprintables #kidsfun #diykids #object","https://coloro.in/app?category=objects","","unposted"
"2026-10-01 07:38:13","Cuddly Teddy Bear","object","https://raw.githubusercontent.com/Singhak/insta_video/main/pin-065-cuddly-teddy-bear.png","Free Printable Objects Coloring Sheet - Cuddly Teddy Bear | Coloro","Download this free printable Cuddly Teddy Bear coloring page! Perfect for toddlers, preschoolers, and early learners. Features crisp high-contrast outlines for easy crayon coloring alongside a digital magic color preview. Print the PDF directly or color online with interactive sound effects and glitter brushes at Coloro.in. Discover our full Objects collection at https://coloro.in/app?category=objects. #kidsactivities #coloringpages #freecoloringpages #toddleractivities #preschoolprintables #homeschooling","Free Printable Coloring Sheet: Cuddly Teddy Bear! 🎨✨

Print this out for relaxing, high-contrast coloring at home or in class, or color it online with digital magic brushes at Coloro! 🖍️

👉 Link in bio to color or print hundreds of free sheets: www.coloro.in
🌐 Direct link: https://coloro.in/app?category=objects

Save this post for your next creative kids activity session! 💖

.
.
#coloring #coloringpages #freecoloringpages #kidsactivities #toddleractivities #preschool #preschoolactivities #homeschooling #artforkids #coloro #kidsart #coloringbook #freeprintables #kidsfun #diykids #object","https://coloro.in/app?category=objects","","unposted"
"2026-10-01 07:38:13","Ocean Dolphin Splash","animal","https://raw.githubusercontent.com/Singhak/insta_video/main/pin-064-ocean-dolphin-splash.png","Free Printable Animals Coloring Sheet - Ocean Dolphin Splash | Coloro","Download this free printable Ocean Dolphin Splash coloring page! Perfect for toddlers, preschoolers, and early learners. Features crisp high-contrast outlines for easy crayon coloring alongside a digital magic color preview. Print the PDF directly or color online with interactive sound effects and glitter brushes at Coloro.in. Discover our full Animals collection at https://coloro.in/app?category=animals. #kidsactivities #coloringpages #freecoloringpages #toddleractivities #preschoolprintables #homeschooling","Free Printable Coloring Sheet: Ocean Dolphin Splash! 🎨✨

Print this out for relaxing, high-contrast coloring at home or in class, or color it online with digital magic brushes at Coloro! 🖍️

👉 Link in bio to color or print hundreds of free sheets: www.coloro.in
🌐 Direct link: https://coloro.in/app?category=animals

Save this post for your next creative kids activity session! 💖

.
.
#coloring #coloringpages #freecoloringpages #kidsactivities #toddleractivities #preschool #preschoolactivities #homeschooling #artforkids #coloro #kidsart #coloringbook #freeprintables #kidsfun #diykids #animal","https://coloro.in/app?category=animals","","unposted"
"2026-10-01 07:38:13","Royal Crowned Peacock","animal","https://raw.githubusercontent.com/Singhak/insta_video/main/pin-063-royal-crowned-peacock.png","Free Printable Animals Coloring Sheet - Royal Crowned Peacock | Coloro","Download this free printable Royal Crowned Peacock coloring page! Perfect for toddlers, preschoolers, and early learners. Features crisp high-contrast outlines for easy crayon coloring alongside a digital magic color preview. Print the PDF directly or color online with interactive sound effects and glitter brushes at Coloro.in. Discover our full Animals collection at https://coloro.in/app?category=animals. #kidsactivities #coloringpages #freecoloringpages #toddleractivities #preschoolprintables #homeschooling","Free Printable Coloring Sheet: Royal Crowned Peacock! 🎨✨

Print this out for relaxing, high-contrast coloring at home or in class, or color it online with digital magic brushes at Coloro! 🖍️

👉 Link in bio to color or print hundreds of free sheets: www.coloro.in
🌐 Direct link: https://coloro.in/app?category=animals

Save this post for your next creative kids activity session! 💖

.
.
#coloring #coloringpages #freecoloringpages #kidsactivities #toddleractivities #preschool #preschoolactivities #homeschooling #artforkids #coloro #kidsart #coloringbook #freeprintables #kidsfun #diykids #animal","https://coloro.in/app?category=animals","","unposted"
"2026-10-01 07:38:13","Sleepy Little Koala","animal","https://raw.githubusercontent.com/Singhak/insta_video/main/pin-062-sleepy-little-koala.png","Free Printable Animals Coloring Sheet - Sleepy Little Koala | Coloro","Download this free printable Sleepy Little Koala coloring page! Perfect for toddlers, preschoolers, and early learners. Features crisp high-contrast outlines for easy crayon coloring alongside a digital magic color preview. Print the PDF directly or color online with interactive sound effects and glitter brushes at Coloro.in. Discover our full Animals collection at https://coloro.in/app?category=animals. #kidsactivities #coloringpages #freecoloringpages #toddleractivities #preschoolprintables #homeschooling","Free Printable Coloring Sheet: Sleepy Little Koala! 🎨✨

Print this out for relaxing, high-contrast coloring at home or in class, or color it online with digital magic brushes at Coloro! 🖍️

👉 Link in bio to color or print hundreds of free sheets: www.coloro.in
🌐 Direct link: https://coloro.in/app?category=animals

Save this post for your next creative kids activity session! 💖

.
.
#coloring #coloringpages #freecoloringpages #kidsactivities #toddleractivities #preschool #preschoolactivities #homeschooling #artforkids #coloro #kidsart #coloringbook #freeprintables #kidsfun #diykids #animal","https://coloro.in/app?category=animals","","unposted"
"2026-10-01 07:38:13","Fluffy Bunny Rabbit","animal","https://raw.githubusercontent.com/Singhak/insta_video/main/pin-061-fluffy-bunny-rabbit.png","Free Printable Animals Coloring Sheet - Fluffy Bunny Rabbit | Coloro","Download this free printable Fluffy Bunny Rabbit coloring page! Perfect for toddlers, preschoolers, and early learners. Features crisp high-contrast outlines for easy crayon coloring alongside a digital magic color preview. Print the PDF directly or color online with interactive sound effects and glitter brushes at Coloro.in. Discover our full Animals collection at https://coloro.in/app?category=animals. #kidsactivities #coloringpages #freecoloringpages #toddleractivities #preschoolprintables #homeschooling","Free Printable Coloring Sheet: Fluffy Bunny Rabbit! 🎨✨

Print this out for relaxing, high-contrast coloring at home or in class, or color it online with digital magic brushes at Coloro! 🖍️

👉 Link in bio to color or print hundreds of free sheets: www.coloro.in
🌐 Direct link: https://coloro.in/app?category=animals

Save this post for your next creative kids activity session! 💖

.
.
#coloring #coloringpages #freecoloringpages #kidsactivities #toddleractivities #preschool #preschoolactivities #homeschooling #artforkids #coloro #kidsart #coloringbook #freeprintables #kidsfun #diykids #animal","https://coloro.in/app?category=animals","","unposted"
"2026-10-01 07:38:13","Playful Giraffe","animal","https://raw.githubusercontent.com/Singhak/insta_video/main/pin-060-playful-giraffe.png","Free Printable Animals Coloring Sheet - Playful Giraffe | Coloro","Download this free printable Playful Giraffe coloring page! Perfect for toddlers, preschoolers, and early learners. Features crisp high-contrast outlines for easy crayon coloring alongside a digital magic color preview. Print the PDF directly or color online with interactive sound effects and glitter brushes at Coloro.in. Discover our full Animals collection at https://coloro.in/app?category=animals. #kidsactivities #coloringpages #freecoloringpages #toddleractivities #preschoolprintables #homeschooling","Free Printable Coloring Sheet: Playful Giraffe! 🎨✨

Print this out for relaxing, high-contrast coloring at home or in class, or color it online with digital magic brushes at Coloro! 🖍️

👉 Link in bio to color or print hundreds of free sheets: www.coloro.in
🌐 Direct link: https://coloro.in/app?category=animals

Save this post for your next creative kids activity session! 💖

.
.
#coloring #coloringpages #freecoloringpages #kidsactivities #toddleractivities #preschool #preschoolactivities #homeschooling #artforkids #coloro #kidsart #coloringbook #freeprintables #kidsfun #diykids #animal","https://coloro.in/app?category=animals","","unposted"
"2026-10-01 07:38:13","Happy Baby Panda","animal","https://raw.githubusercontent.com/Singhak/insta_video/main/pin-059-happy-baby-panda.png","Free Printable Animals Coloring Sheet - Happy Baby Panda | Coloro","Download this free printable Happy Baby Panda coloring page! Perfect for toddlers, preschoolers, and early learners. Features crisp high-contrast outlines for easy crayon coloring alongside a digital magic color preview. Print the PDF directly or color online with interactive sound effects and glitter brushes at Coloro.in. Discover our full Animals collection at https://coloro.in/app?category=animals. #kidsactivities #coloringpages #freecoloringpages #toddleractivities #preschoolprintables #homeschooling","Free Printable Coloring Sheet: Happy Baby Panda! 🎨✨

Print this out for relaxing, high-contrast coloring at home or in class, or color it online with digital magic brushes at Coloro! 🖍️

👉 Link in bio to color or print hundreds of free sheets: www.coloro.in
🌐 Direct link: https://coloro.in/app?category=animals

Save this post for your next creative kids activity session! 💖

.
.
#coloring #coloringpages #freecoloringpages #kidsactivities #toddleractivities #preschool #preschoolactivities #homeschooling #artforkids #coloro #kidsart #coloringbook #freeprintables #kidsfun #diykids #animal","https://coloro.in/app?category=animals","","unposted"
"2026-10-01 07:38:13","Golden Spud Potato","vegetables","https://raw.githubusercontent.com/Singhak/insta_video/main/pin-058-golden-spud-potato.png","Free Printable Vegetables Coloring Sheet - Golden Spud Potato | Coloro","Download this free printable Golden Spud Potato coloring page! Perfect for toddlers, preschoolers, and early learners. Features crisp high-contrast outlines for easy crayon coloring alongside a digital magic color preview. Print the PDF directly or color online with interactive sound effects and glitter brushes at Coloro.in. Discover our full Vegetables collection at https://coloro.in/app?category=vegetables. #kidsactivities #coloringpages #freecoloringpages #toddleractivities #preschoolprintables #homeschooling","Free Printable Coloring Sheet: Golden Spud Potato! 🎨✨

Print this out for relaxing, high-contrast coloring at home or in class, or color it online with digital magic brushes at Coloro! 🖍️

👉 Link in bio to color or print hundreds of free sheets: www.coloro.in
🌐 Direct link: https://coloro.in/app?category=vegetables

Save this post for your next creative kids activity session! 💖

.
.
#coloring #coloringpages #freecoloringpages #kidsactivities #toddleractivities #preschool #preschoolactivities #homeschooling #artforkids #coloro #kidsart #coloringbook #freeprintables #kidsfun #diykids #vegetables","https://coloro.in/app?category=vegetables","","unposted"
"2026-10-01 07:38:13","Crunchy Garden Radish","vegetables","https://raw.githubusercontent.com/Singhak/insta_video/main/pin-057-crunchy-garden-radish.png","Free Printable Vegetables Coloring Sheet - Crunchy Garden Radish | Coloro","Download this free printable Crunchy Garden Radish coloring page! Perfect for toddlers, preschoolers, and early learners. Features crisp high-contrast outlines for easy crayon coloring alongside a digital magic color preview. Print the PDF directly or color online with interactive sound effects and glitter brushes at Coloro.in. Discover our full Vegetables collection at https://coloro.in/app?category=vegetables. #kidsactivities #coloringpages #freecoloringpages #toddleractivities #preschoolprintables #homeschooling","Free Printable Coloring Sheet: Crunchy Garden Radish! 🎨✨

Print this out for relaxing, high-contrast coloring at home or in class, or color it online with digital magic brushes at Coloro! 🖍️

👉 Link in bio to color or print hundreds of free sheets: www.coloro.in
🌐 Direct link: https://coloro.in/app?category=vegetables

Save this post for your next creative kids activity session! 💖

.
.
#coloring #coloringpages #freecoloringpages #kidsactivities #toddleractivities #preschool #preschoolactivities #homeschooling #artforkids #coloro #kidsart #coloringbook #freeprintables #kidsfun #diykids #vegetables","https://coloro.in/app?category=vegetables","","unposted"
"2026-10-01 07:38:13","Polka Dot Forest Mushroom","vegetables","https://raw.githubusercontent.com/Singhak/insta_video/main/pin-056-polka-dot-forest-mushroom.png","Free Printable Vegetables Coloring Sheet - Polka Dot Forest Mushroom | Coloro","Download this free printable Polka Dot Forest Mushroom coloring page! Perfect for toddlers, preschoolers, and early learners. Features crisp high-contrast outlines for easy crayon coloring alongside a digital magic color preview. Print the PDF directly or color online with interactive sound effects and glitter brushes at Coloro.in. Discover our full Vegetables collection at https://coloro.in/app?category=vegetables. #kidsactivities #coloringpages #freecoloringpages #toddleractivities #preschoolprintables #homeschooling","Free Printable Coloring Sheet: Polka Dot Forest Mushroom! 🎨✨

Print this out for relaxing, high-contrast coloring at home or in class, or color it online with digital magic brushes at Coloro! 🖍️

👉 Link in bio to color or print hundreds of free sheets: www.coloro.in
🌐 Direct link: https://coloro.in/app?category=vegetables

Save this post for your next creative kids activity session! 💖

.
.
#coloring #coloringpages #freecoloringpages #kidsactivities #toddleractivities #preschool #preschoolactivities #homeschooling #artforkids #coloro #kidsart #coloringbook #freeprintables #kidsfun #diykids #vegetables","https://coloro.in/app?category=vegetables","","unposted"
"2026-10-01 07:38:13","Crisp Bell Pepper","vegetables","https://raw.githubusercontent.com/Singhak/insta_video/main/pin-055-crisp-bell-pepper.png","Free Printable Vegetables Coloring Sheet - Crisp Bell Pepper | Coloro","Download this free printable Crisp Bell Pepper coloring page! Perfect for toddlers, preschoolers, and early learners. Features crisp high-contrast outlines for easy crayon coloring alongside a digital magic color preview. Print the PDF directly or color online with interactive sound effects and glitter brushes at Coloro.in. Discover our full Vegetables collection at https://coloro.in/app?category=vegetables. #kidsactivities #coloringpages #freecoloringpages #toddleractivities #preschoolprintables #homeschooling","Free Printable Coloring Sheet: Crisp Bell Pepper! 🎨✨

Print this out for relaxing, high-contrast coloring at home or in class, or color it online with digital magic brushes at Coloro! 🖍️

👉 Link in bio to color or print hundreds of free sheets: www.coloro.in
🌐 Direct link: https://coloro.in/app?category=vegetables

Save this post for your next creative kids activity session! 💖

.
.
#coloring #coloringpages #freecoloringpages #kidsactivities #toddleractivities #preschool #preschoolactivities #homeschooling #artforkids #coloro #kidsart #coloringbook #freeprintables #kidsfun #diykids #vegetables","https://coloro.in/app?category=vegetables","","unposted"
"2026-10-01 07:38:13","Sweet Green Peas in Pod","vegetables","https://raw.githubusercontent.com/Singhak/insta_video/main/pin-054-sweet-green-peas-in-pod.png","Free Printable Vegetables Coloring Sheet - Sweet Green Peas in Pod | Coloro","Download this free printable Sweet Green Peas in Pod coloring page! Perfect for toddlers, preschoolers, and early learners. Features crisp high-contrast outlines for easy crayon coloring alongside a digital magic color preview. Print the PDF directly or color online with interactive sound effects and glitter brushes at Coloro.in. Discover our full Vegetables collection at https://coloro.in/app?category=vegetables. #kidsactivities #coloringpages #freecoloringpages #toddleractivities #preschoolprintables #homeschooling","Free Printable Coloring Sheet: Sweet Green Peas in Pod! 🎨✨

Print this out for relaxing, high-contrast coloring at home or in class, or color it online with digital magic brushes at Coloro! 🖍️

👉 Link in bio to color or print hundreds of free sheets: www.coloro.in
🌐 Direct link: https://coloro.in/app?category=vegetables

Save this post for your next creative kids activity session! 💖

.
.
#coloring #coloringpages #freecoloringpages #kidsactivities #toddleractivities #preschool #preschoolactivities #homeschooling #artforkids #coloro #kidsart #coloringbook #freeprintables #kidsfun #diykids #vegetables","https://coloro.in/app?category=vegetables","","unposted"
"2026-10-01 07:38:13","Glossy Purple Eggplant","vegetables","https://raw.githubusercontent.com/Singhak/insta_video/main/pin-053-glossy-purple-eggplant.png","Free Printable Vegetables Coloring Sheet - Glossy Purple Eggplant | Coloro","Download this free printable Glossy Purple Eggplant coloring page! Perfect for toddlers, preschoolers, and early learners. Features crisp high-contrast outlines for easy crayon coloring alongside a digital magic color preview. Print the PDF directly or color online with interactive sound effects and glitter brushes at Coloro.in. Discover our full Vegetables collection at https://coloro.in/app?category=vegetables. #kidsactivities #coloringpages #freecoloringpages #toddleractivities #preschoolprintables #homeschooling","Free Printable Coloring Sheet: Glossy Purple Eggplant! 🎨✨

Print this out for relaxing, high-contrast coloring at home or in class, or color it online with digital magic brushes at Coloro! 🖍️

👉 Link in bio to color or print hundreds of free sheets: www.coloro.in
🌐 Direct link: https://coloro.in/app?category=vegetables

Save this post for your next creative kids activity session! 💖

.
.
#coloring #coloringpages #freecoloringpages #kidsactivities #toddleractivities #preschool #preschoolactivities #homeschooling #artforkids #coloro #kidsart #coloringbook #freeprintables #kidsfun #diykids #vegetables","https://coloro.in/app?category=vegetables","","unposted"
"2026-10-01 07:38:13","Happy Broccoli Floret","vegetables","https://raw.githubusercontent.com/Singhak/insta_video/main/pin-052-happy-broccoli-floret.png","Free Printable Vegetables Coloring Sheet - Happy Broccoli Floret | Coloro","Download this free printable Happy Broccoli Floret coloring page! Perfect for toddlers, preschoolers, and early learners. Features crisp high-contrast outlines for easy crayon coloring alongside a digital magic color preview. Print the PDF directly or color online with interactive sound effects and glitter brushes at Coloro.in. Discover our full Vegetables collection at https://coloro.in/app?category=vegetables. #kidsactivities #coloringpages #freecoloringpages #toddleractivities #preschoolprintables #homeschooling","Free Printable Coloring Sheet: Happy Broccoli Floret! 🎨✨

Print this out for relaxing, high-contrast coloring at home or in class, or color it online with digital magic brushes at Coloro! 🖍️

👉 Link in bio to color or print hundreds of free sheets: www.coloro.in
🌐 Direct link: https://coloro.in/app?category=vegetables

Save this post for your next creative kids activity session! 💖

.
.
#coloring #coloringpages #freecoloringpages #kidsactivities #toddleractivities #preschool #preschoolactivities #homeschooling #artforkids #coloro #kidsart #coloringbook #freeprintables #kidsfun #diykids #vegetables","https://coloro.in/app?category=vegetables","","unposted"
"2026-10-01 07:38:13","Sweet Corn on the Cob","vegetables","https://raw.githubusercontent.com/Singhak/insta_video/main/pin-051-sweet-corn-on-the-cob.png","Free Printable Vegetables Coloring Sheet - Sweet Corn on the Cob | Coloro","Download this free printable Sweet Corn on the Cob coloring page! Perfect for toddlers, preschoolers, and early learners. Features crisp high-contrast outlines for easy crayon coloring alongside a digital magic color preview. Print the PDF directly or color online with interactive sound effects and glitter brushes at Coloro.in. Discover our full Vegetables collection at https://coloro.in/app?category=vegetables. #kidsactivities #coloringpages #freecoloringpages #toddleractivities #preschoolprintables #homeschooling","Free Printable Coloring Sheet: Sweet Corn on the Cob! 🎨✨

Print this out for relaxing, high-contrast coloring at home or in class, or color it online with digital magic brushes at Coloro! 🖍️

👉 Link in bio to color or print hundreds of free sheets: www.coloro.in
🌐 Direct link: https://coloro.in/app?category=vegetables

Save this post for your next creative kids activity session! 💖

.
.
#coloring #coloringpages #freecoloringpages #kidsactivities #toddleractivities #preschool #preschoolactivities #homeschooling #artforkids #coloro #kidsart #coloringbook #freeprintables #kidsfun #diykids #vegetables","https://coloro.in/app?category=vegetables","","unposted"
"2026-10-01 07:38:13","Juicy Tomato","vegetables","https://raw.githubusercontent.com/Singhak/insta_video/main/pin-050-juicy-tomato.png","Free Printable Vegetables Coloring Sheet - Juicy Tomato | Coloro","Download this free printable Juicy Tomato coloring page! Perfect for toddlers, preschoolers, and early learners. Features crisp high-contrast outlines for easy crayon coloring alongside a digital magic color preview. Print the PDF directly or color online with interactive sound effects and glitter brushes at Coloro.in. Discover our full Vegetables collection at https://coloro.in/app?category=vegetables. #kidsactivities #coloringpages #freecoloringpages #toddleractivities #preschoolprintables #homeschooling","Free Printable Coloring Sheet: Juicy Tomato! 🎨✨

Print this out for relaxing, high-contrast coloring at home or in class, or color it online with digital magic brushes at Coloro! 🖍️

👉 Link in bio to color or print hundreds of free sheets: www.coloro.in
🌐 Direct link: https://coloro.in/app?category=vegetables

Save this post for your next creative kids activity session! 💖

.
.
#coloring #coloringpages #freecoloringpages #kidsactivities #toddleractivities #preschool #preschoolactivities #homeschooling #artforkids #coloro #kidsart #coloringbook #freeprintables #kidsfun #diykids #vegetables","https://coloro.in/app?category=vegetables","","unposted"
"2026-10-01 07:38:13","Magic Pumpkin","vegetables","https://raw.githubusercontent.com/Singhak/insta_video/main/pin-049-magic-pumpkin.png","Free Printable Vegetables Coloring Sheet - Magic Pumpkin | Coloro","Download this free printable Magic Pumpkin coloring page! Perfect for toddlers, preschoolers, and early learners. Features crisp high-contrast outlines for easy crayon coloring alongside a digital magic color preview. Print the PDF directly or color online with interactive sound effects and glitter brushes at Coloro.in. Discover our full Vegetables collection at https://coloro.in/app?category=vegetables. #kidsactivities #coloringpages #freecoloringpages #toddleractivities #preschoolprintables #homeschooling","Free Printable Coloring Sheet: Magic Pumpkin! 🎨✨

Print this out for relaxing, high-contrast coloring at home or in class, or color it online with digital magic brushes at Coloro! 🖍️

👉 Link in bio to color or print hundreds of free sheets: www.coloro.in
🌐 Direct link: https://coloro.in/app?category=vegetables

Save this post for your next creative kids activity session! 💖

.
.
#coloring #coloringpages #freecoloringpages #kidsactivities #toddleractivities #preschool #preschoolactivities #homeschooling #artforkids #coloro #kidsart #coloringbook #freeprintables #kidsfun #diykids #vegetables","https://coloro.in/app?category=vegetables","","unposted"
"2026-10-01 07:38:13","Crunchy Carrot","vegetables","https://raw.githubusercontent.com/Singhak/insta_video/main/pin-048-crunchy-carrot.png","Free Printable Vegetables Coloring Sheet - Crunchy Carrot | Coloro","Download this free printable Crunchy Carrot coloring page! Perfect for toddlers, preschoolers, and early learners. Features crisp high-contrast outlines for easy crayon coloring alongside a digital magic color preview. Print the PDF directly or color online with interactive sound effects and glitter brushes at Coloro.in. Discover our full Vegetables collection at https://coloro.in/app?category=vegetables. #kidsactivities #coloringpages #freecoloringpages #toddleractivities #preschoolprintables #homeschooling","Free Printable Coloring Sheet: Crunchy Carrot! 🎨✨

Print this out for relaxing, high-contrast coloring at home or in class, or color it online with digital magic brushes at Coloro! 🖍️

👉 Link in bio to color or print hundreds of free sheets: www.coloro.in
🌐 Direct link: https://coloro.in/app?category=vegetables

Save this post for your next creative kids activity session! 💖

.
.
#coloring #coloringpages #freecoloringpages #kidsactivities #toddleractivities #preschool #preschoolactivities #homeschooling #artforkids #coloro #kidsart #coloringbook #freeprintables #kidsfun #diykids #vegetables","https://coloro.in/app?category=vegetables","","unposted"
"2026-10-01 07:38:13","Creamy Avocado","fruits","https://raw.githubusercontent.com/Singhak/insta_video/main/pin-047-creamy-avocado.png","Free Printable Fruits Coloring Sheet - Creamy Avocado | Coloro","Download this free printable Creamy Avocado coloring page! Perfect for toddlers, preschoolers, and early learners. Features crisp high-contrast outlines for easy crayon coloring alongside a digital magic color preview. Print the PDF directly or color online with interactive sound effects and glitter brushes at Coloro.in. Discover our full Fruits collection at https://coloro.in/app?category=fruits. #kidsactivities #coloringpages #freecoloringpages #toddleractivities #preschoolprintables #homeschooling","Free Printable Coloring Sheet: Creamy Avocado! 🎨✨

Print this out for relaxing, high-contrast coloring at home or in class, or color it online with digital magic brushes at Coloro! 🖍️

👉 Link in bio to color or print hundreds of free sheets: www.coloro.in
🌐 Direct link: https://coloro.in/app?category=fruits

Save this post for your next creative kids activity session! 💖

.
.
#coloring #coloringpages #freecoloringpages #kidsactivities #toddleractivities #preschool #preschoolactivities #homeschooling #artforkids #coloro #kidsart #coloringbook #freeprintables #kidsfun #diykids #fruits","https://coloro.in/app?category=fruits","","unposted"
"2026-10-01 07:38:13","Juicy Fuzzy Peach","fruits","https://raw.githubusercontent.com/Singhak/insta_video/main/pin-046-juicy-fuzzy-peach.png","Free Printable Fruits Coloring Sheet - Juicy Fuzzy Peach | Coloro","Download this free printable Juicy Fuzzy Peach coloring page! Perfect for toddlers, preschoolers, and early learners. Features crisp high-contrast outlines for easy crayon coloring alongside a digital magic color preview. Print the PDF directly or color online with interactive sound effects and glitter brushes at Coloro.in. Discover our full Fruits collection at https://coloro.in/app?category=fruits. #kidsactivities #coloringpages #freecoloringpages #toddleractivities #preschoolprintables #homeschooling","Free Printable Coloring Sheet: Juicy Fuzzy Peach! 🎨✨

Print this out for relaxing, high-contrast coloring at home or in class, or color it online with digital magic brushes at Coloro! 🖍️

👉 Link in bio to color or print hundreds of free sheets: www.coloro.in
🌐 Direct link: https://coloro.in/app?category=fruits

Save this post for your next creative kids activity session! 💖

.
.
#coloring #coloringpages #freecoloringpages #kidsactivities #toddleractivities #preschool #preschoolactivities #homeschooling #artforkids #coloro #kidsart #coloringbook #freeprintables #kidsfun #diykids #fruits","https://coloro.in/app?category=fruits","","unposted"
"2026-10-01 07:38:13","Sunny Orange & Slice","fruits","https://raw.githubusercontent.com/Singhak/insta_video/main/pin-045-sunny-orange-slice.png","Free Printable Fruits Coloring Sheet - Sunny Orange & Slice | Coloro","Download this free printable Sunny Orange & Slice coloring page! Perfect for toddlers, preschoolers, and early learners. Features crisp high-contrast outlines for easy crayon coloring alongside a digital magic color preview. Print the PDF directly or color online with interactive sound effects and glitter brushes at Coloro.in. Discover our full Fruits collection at https://coloro.in/app?category=fruits. #kidsactivities #coloringpages #freecoloringpages #toddleractivities #preschoolprintables #homeschooling","Free Printable Coloring Sheet: Sunny Orange & Slice! 🎨✨

Print this out for relaxing, high-contrast coloring at home or in class, or color it online with digital magic brushes at Coloro! 🖍️

👉 Link in bio to color or print hundreds of free sheets: www.coloro.in
🌐 Direct link: https://coloro.in/app?category=fruits

Save this post for your next creative kids activity session! 💖

.
.
#coloring #coloringpages #freecoloringpages #kidsactivities #toddleractivities #preschool #preschoolactivities #homeschooling #artforkids #coloro #kidsart #coloringbook #freeprintables #kidsfun #diykids #fruits","https://coloro.in/app?category=fruits","","unposted"
"2026-10-01 07:38:13","Twin Red Cherries","fruits","https://raw.githubusercontent.com/Singhak/insta_video/main/pin-044-twin-red-cherries.png","Free Printable Fruits Coloring Sheet - Twin Red Cherries | Coloro","Download this free printable Twin Red Cherries coloring page! Perfect for toddlers, preschoolers, and early learners. Features crisp high-contrast outlines for easy crayon coloring alongside a digital magic color preview. Print the PDF directly or color online with interactive sound effects and glitter brushes at Coloro.in. Discover our full Fruits collection at https://coloro.in/app?category=fruits. #kidsactivities #coloringpages #freecoloringpages #toddleractivities #preschoolprintables #homeschooling","Free Printable Coloring Sheet: Twin Red Cherries! 🎨✨

Print this out for relaxing, high-contrast coloring at home or in class, or color it online with digital magic brushes at Coloro! 🖍️

👉 Link in bio to color or print hundreds of free sheets: www.coloro.in
🌐 Direct link: https://coloro.in/app?category=fruits

Save this post for your next creative kids activity session! 💖

.
.
#coloring #coloringpages #freecoloringpages #kidsactivities #toddleractivities #preschool #preschoolactivities #homeschooling #artforkids #coloro #kidsart #coloringbook #freeprintables #kidsfun #diykids #fruits","https://coloro.in/app?category=fruits","","unposted"
"2026-10-01 07:38:13","Golden Sweet Mango","fruits","https://raw.githubusercontent.com/Singhak/insta_video/main/pin-043-golden-sweet-mango.png","Free Printable Fruits Coloring Sheet - Golden Sweet Mango | Coloro","Download this free printable Golden Sweet Mango coloring page! Perfect for toddlers, preschoolers, and early learners. Features crisp high-contrast outlines for easy crayon coloring alongside a digital magic color preview. Print the PDF directly or color online with interactive sound effects and glitter brushes at Coloro.in. Discover our full Fruits collection at https://coloro.in/app?category=fruits. #kidsactivities #coloringpages #freecoloringpages #toddleractivities #preschoolprintables #homeschooling","Free Printable Coloring Sheet: Golden Sweet Mango! 🎨✨

Print this out for relaxing, high-contrast coloring at home or in class, or color it online with digital magic brushes at Coloro! 🖍️

👉 Link in bio to color or print hundreds of free sheets: www.coloro.in
🌐 Direct link: https://coloro.in/app?category=fruits

Save this post for your next creative kids activity session! 💖

.
.
#coloring #coloringpages #freecoloringpages #kidsactivities #toddleractivities #preschool #preschoolactivities #homeschooling #artforkids #coloro #kidsart #coloringbook #freeprintables #kidsfun #diykids #fruits","https://coloro.in/app?category=fruits","","unposted"
"2026-10-01 07:38:12","Tropical Pineapple","fruits","https://raw.githubusercontent.com/Singhak/insta_video/main/pin-042-tropical-pineapple.png","Free Printable Fruits Coloring Sheet - Tropical Pineapple | Coloro","Download this free printable Tropical Pineapple coloring page! Perfect for toddlers, preschoolers, and early learners. Features crisp high-contrast outlines for easy crayon coloring alongside a digital magic color preview. Print the PDF directly or color online with interactive sound effects and glitter brushes at Coloro.in. Discover our full Fruits collection at https://coloro.in/app?category=fruits. #kidsactivities #coloringpages #freecoloringpages #toddleractivities #preschoolprintables #homeschooling","Free Printable Coloring Sheet: Tropical Pineapple! 🎨✨

Print this out for relaxing, high-contrast coloring at home or in class, or color it online with digital magic brushes at Coloro! 🖍️

👉 Link in bio to color or print hundreds of free sheets: www.coloro.in
🌐 Direct link: https://coloro.in/app?category=fruits

Save this post for your next creative kids activity session! 💖

.
.
#coloring #coloringpages #freecoloringpages #kidsactivities #toddleractivities #preschool #preschoolactivities #homeschooling #artforkids #coloro #kidsart #coloringbook #freeprintables #kidsfun #diykids #fruits","https://coloro.in/app?category=fruits","","unposted"
"2026-10-01 07:38:12","Sweet Purple Grapes","fruits","https://raw.githubusercontent.com/Singhak/insta_video/main/pin-041-sweet-purple-grapes.png","Free Printable Fruits Coloring Sheet - Sweet Purple Grapes | Coloro","Download this free printable Sweet Purple Grapes coloring page! Perfect for toddlers, preschoolers, and early learners. Features crisp high-contrast outlines for easy crayon coloring alongside a digital magic color preview. Print the PDF directly or color online with interactive sound effects and glitter brushes at Coloro.in. Discover our full Fruits collection at https://coloro.in/app?category=fruits. #kidsactivities #coloringpages #freecoloringpages #toddleractivities #preschoolprintables #homeschooling","Free Printable Coloring Sheet: Sweet Purple Grapes! 🎨✨

Print this out for relaxing, high-contrast coloring at home or in class, or color it online with digital magic brushes at Coloro! 🖍️

👉 Link in bio to color or print hundreds of free sheets: www.coloro.in
🌐 Direct link: https://coloro.in/app?category=fruits

Save this post for your next creative kids activity session! 💖

.
.
#coloring #coloringpages #freecoloringpages #kidsactivities #toddleractivities #preschool #preschoolactivities #homeschooling #artforkids #coloro #kidsart #coloringbook #freeprintables #kidsfun #diykids #fruits","https://coloro.in/app?category=fruits","","unposted"
"2026-10-01 07:38:12","Crisp Red Apple","fruits","https://raw.githubusercontent.com/Singhak/insta_video/main/pin-040-crisp-red-apple.png","Free Printable Fruits Coloring Sheet - Crisp Red Apple | Coloro","Download this free printable Crisp Red Apple coloring page! Perfect for toddlers, preschoolers, and early learners. Features crisp high-contrast outlines for easy crayon coloring alongside a digital magic color preview. Print the PDF directly or color online with interactive sound effects and glitter brushes at Coloro.in. Discover our full Fruits collection at https://coloro.in/app?category=fruits. #kidsactivities #coloringpages #freecoloringpages #toddleractivities #preschoolprintables #homeschooling","Free Printable Coloring Sheet: Crisp Red Apple! 🎨✨

Print this out for relaxing, high-contrast coloring at home or in class, or color it online with digital magic brushes at Coloro! 🖍️

👉 Link in bio to color or print hundreds of free sheets: www.coloro.in
🌐 Direct link: https://coloro.in/app?category=fruits

Save this post for your next creative kids activity session! 💖

.
.
#coloring #coloringpages #freecoloringpages #kidsactivities #toddleractivities #preschool #preschoolactivities #homeschooling #artforkids #coloro #kidsart #coloringbook #freeprintables #kidsfun #diykids #fruits","https://coloro.in/app?category=fruits","","unposted"
"2026-10-01 07:38:12","Sunny Banana","fruits","https://raw.githubusercontent.com/Singhak/insta_video/main/pin-039-sunny-banana.png","Free Printable Fruits Coloring Sheet - Sunny Banana | Coloro","Download this free printable Sunny Banana coloring page! Perfect for toddlers, preschoolers, and early learners. Features crisp high-contrast outlines for easy crayon coloring alongside a digital magic color preview. Print the PDF directly or color online with interactive sound effects and glitter brushes at Coloro.in. Discover our full Fruits collection at https://coloro.in/app?category=fruits. #kidsactivities #coloringpages #freecoloringpages #toddleractivities #preschoolprintables #homeschooling","Free Printable Coloring Sheet: Sunny Banana! 🎨✨

Print this out for relaxing, high-contrast coloring at home or in class, or color it online with digital magic brushes at Coloro! 🖍️

👉 Link in bio to color or print hundreds of free sheets: www.coloro.in
🌐 Direct link: https://coloro.in/app?category=fruits

Save this post for your next creative kids activity session! 💖

.
.
#coloring #coloringpages #freecoloringpages #kidsactivities #toddleractivities #preschool #preschoolactivities #homeschooling #artforkids #coloro #kidsart #coloringbook #freeprintables #kidsfun #diykids #fruits","https://coloro.in/app?category=fruits","","unposted"
"2026-10-01 07:38:12","Sweet Strawberry","fruits","https://raw.githubusercontent.com/Singhak/insta_video/main/pin-038-sweet-strawberry.png","Free Printable Fruits Coloring Sheet - Sweet Strawberry | Coloro","Download this free printable Sweet Strawberry coloring page! Perfect for toddlers, preschoolers, and early learners. Features crisp high-contrast outlines for easy crayon coloring alongside a digital magic color preview. Print the PDF directly or color online with interactive sound effects and glitter brushes at Coloro.in. Discover our full Fruits collection at https://coloro.in/app?category=fruits. #kidsactivities #coloringpages #freecoloringpages #toddleractivities #preschoolprintables #homeschooling","Free Printable Coloring Sheet: Sweet Strawberry! 🎨✨

Print this out for relaxing, high-contrast coloring at home or in class, or color it online with digital magic brushes at Coloro! 🖍️

👉 Link in bio to color or print hundreds of free sheets: www.coloro.in
🌐 Direct link: https://coloro.in/app?category=fruits

Save this post for your next creative kids activity session! 💖

.
.
#coloring #coloringpages #freecoloringpages #kidsactivities #toddleractivities #preschool #preschoolactivities #homeschooling #artforkids #coloro #kidsart #coloringbook #freeprintables #kidsfun #diykids #fruits","https://coloro.in/app?category=fruits","","unposted"
"2026-10-01 07:38:12","Juicy Watermelon","fruits","https://raw.githubusercontent.com/Singhak/insta_video/main/pin-037-juicy-watermelon.png","Free Printable Fruits Coloring Sheet - Juicy Watermelon | Coloro","Download this free printable Juicy Watermelon coloring page! Perfect for toddlers, preschoolers, and early learners. Features crisp high-contrast outlines for easy crayon coloring alongside a digital magic color preview. Print the PDF directly or color online with interactive sound effects and glitter brushes at Coloro.in. Discover our full Fruits collection at https://coloro.in/app?category=fruits. #kidsactivities #coloringpages #freecoloringpages #toddleractivities #preschoolprintables #homeschooling","Free Printable Coloring Sheet: Juicy Watermelon! 🎨✨

Print this out for relaxing, high-contrast coloring at home or in class, or color it online with digital magic brushes at Coloro! 🖍️

👉 Link in bio to color or print hundreds of free sheets: www.coloro.in
🌐 Direct link: https://coloro.in/app?category=fruits

Save this post for your next creative kids activity session! 💖

.
.
#coloring #coloringpages #freecoloringpages #kidsactivities #toddleractivities #preschool #preschoolactivities #homeschooling #artforkids #coloro #kidsart #coloringbook #freeprintables #kidsfun #diykids #fruits","https://coloro.in/app?category=fruits","","unposted"
"2026-10-01 07:38:12","Number 10 - Ten Rainbow Drops","numbers","https://raw.githubusercontent.com/Singhak/insta_video/main/pin-036-number-10-ten-rainbow-drops.png","Free Printable Numbers Coloring Sheet - Number 10 - Ten Rainbow Drops | Coloro","Download this free printable Number 10 - Ten Rainbow Drops coloring page! Perfect for toddlers, preschoolers, and early learners. Features crisp high-contrast outlines for easy crayon coloring alongside a digital magic color preview. Print the PDF directly or color online with interactive sound effects and glitter brushes at Coloro.in. Discover our full Numbers collection at https://coloro.in/app?category=numbers. #kidsactivities #coloringpages #freecoloringpages #toddleractivities #preschoolprintables #homeschooling","Free Printable Coloring Sheet: Number 10 - Ten Rainbow Drops! 🎨✨

Print this out for relaxing, high-contrast coloring at home or in class, or color it online with digital magic brushes at Coloro! 🖍️

👉 Link in bio to color or print hundreds of free sheets: www.coloro.in
🌐 Direct link: https://coloro.in/app?category=numbers

Save this post for your next creative kids activity session! 💖

.
.
#coloring #coloringpages #freecoloringpages #kidsactivities #toddleractivities #preschool #preschoolactivities #homeschooling #artforkids #coloro #kidsart #coloringbook #freeprintables #kidsfun #diykids #numbers","https://coloro.in/app?category=numbers","","unposted"
"2026-10-01 07:38:12","Number 9 - Nine Leaves","numbers","https://raw.githubusercontent.com/Singhak/insta_video/main/pin-035-number-9-nine-leaves.png","Free Printable Numbers Coloring Sheet - Number 9 - Nine Leaves | Coloro","Download this free printable Number 9 - Nine Leaves coloring page! Perfect for toddlers, preschoolers, and early learners. Features crisp high-contrast outlines for easy crayon coloring alongside a digital magic color preview. Print the PDF directly or color online with interactive sound effects and glitter brushes at Coloro.in. Discover our full Numbers collection at https://coloro.in/app?category=numbers. #kidsactivities #coloringpages #freecoloringpages #toddleractivities #preschoolprintables #homeschooling","Free Printable Coloring Sheet: Number 9 - Nine Leaves! 🎨✨

Print this out for relaxing, high-contrast coloring at home or in class, or color it online with digital magic brushes at Coloro! 🖍️

👉 Link in bio to color or print hundreds of free sheets: www.coloro.in
🌐 Direct link: https://coloro.in/app?category=numbers

Save this post for your next creative kids activity session! 💖

.
.
#coloring #coloringpages #freecoloringpages #kidsactivities #toddleractivities #preschool #preschoolactivities #homeschooling #artforkids #coloro #kidsart #coloringbook #freeprintables #kidsfun #diykids #numbers","https://coloro.in/app?category=numbers","","unposted"
"2026-10-01 07:38:12","Number 8 - Eight Cherries","numbers","https://raw.githubusercontent.com/Singhak/insta_video/main/pin-034-number-8-eight-cherries.png","Free Printable Numbers Coloring Sheet - Number 8 - Eight Cherries | Coloro","Download this free printable Number 8 - Eight Cherries coloring page! Perfect for toddlers, preschoolers, and early learners. Features crisp high-contrast outlines for easy crayon coloring alongside a digital magic color preview. Print the PDF directly or color online with interactive sound effects and glitter brushes at Coloro.in. Discover our full Numbers collection at https://coloro.in/app?category=numbers. #kidsactivities #coloringpages #freecoloringpages #toddleractivities #preschoolprintables #homeschooling","Free Printable Coloring Sheet: Number 8 - Eight Cherries! 🎨✨

Print this out for relaxing, high-contrast coloring at home or in class, or color it online with digital magic brushes at Coloro! 🖍️

👉 Link in bio to color or print hundreds of free sheets: www.coloro.in
🌐 Direct link: https://coloro.in/app?category=numbers

Save this post for your next creative kids activity session! 💖

.
.
#coloring #coloringpages #freecoloringpages #kidsactivities #toddleractivities #preschool #preschoolactivities #homeschooling #artforkids #coloro #kidsart #coloringbook #freeprintables #kidsfun #diykids #numbers","https://coloro.in/app?category=numbers","","unposted"
"2026-10-01 07:38:12","Number 7 - Seven Candies","numbers","https://raw.githubusercontent.com/Singhak/insta_video/main/pin-033-number-7-seven-candies.png","Free Printable Numbers Coloring Sheet - Number 7 - Seven Candies | Coloro","Download this free printable Number 7 - Seven Candies coloring page! Perfect for toddlers, preschoolers, and early learners. Features crisp high-contrast outlines for easy crayon coloring alongside a digital magic color preview. Print the PDF directly or color online with interactive sound effects and glitter brushes at Coloro.in. Discover our full Numbers collection at https://coloro.in/app?category=numbers. #kidsactivities #coloringpages #freecoloringpages #toddleractivities #preschoolprintables #homeschooling","Free Printable Coloring Sheet: Number 7 - Seven Candies! 🎨✨

Print this out for relaxing, high-contrast coloring at home or in class, or color it online with digital magic brushes at Coloro! 🖍️

👉 Link in bio to color or print hundreds of free sheets: www.coloro.in
🌐 Direct link: https://coloro.in/app?category=numbers

Save this post for your next creative kids activity session! 💖

.
.
#coloring #coloringpages #freecoloringpages #kidsactivities #toddleractivities #preschool #preschoolactivities #homeschooling #artforkids #coloro #kidsart #coloringbook #freeprintables #kidsfun #diykids #numbers","https://coloro.in/app?category=numbers","","unposted"
"2026-10-01 07:38:12","Number 6 - Six Flowers","numbers","https://raw.githubusercontent.com/Singhak/insta_video/main/pin-032-number-6-six-flowers.png","Free Printable Numbers Coloring Sheet - Number 6 - Six Flowers | Coloro","Download this free printable Number 6 - Six Flowers coloring page! Perfect for toddlers, preschoolers, and early learners. Features crisp high-contrast outlines for easy crayon coloring alongside a digital magic color preview. Print the PDF directly or color online with interactive sound effects and glitter brushes at Coloro.in. Discover our full Numbers collection at https://coloro.in/app?category=numbers. #kidsactivities #coloringpages #freecoloringpages #toddleractivities #preschoolprintables #homeschooling","Free Printable Coloring Sheet: Number 6 - Six Flowers! 🎨✨

Print this out for relaxing, high-contrast coloring at home or in class, or color it online with digital magic brushes at Coloro! 🖍️

👉 Link in bio to color or print hundreds of free sheets: www.coloro.in
🌐 Direct link: https://coloro.in/app?category=numbers

Save this post for your next creative kids activity session! 💖

.
.
#coloring #coloringpages #freecoloringpages #kidsactivities #toddleractivities #preschool #preschoolactivities #homeschooling #artforkids #coloro #kidsart #coloringbook #freeprintables #kidsfun #diykids #numbers","https://coloro.in/app?category=numbers","","unposted"
"2026-10-01 07:38:12","Number 5 - Five Apples","numbers","https://raw.githubusercontent.com/Singhak/insta_video/main/pin-031-number-5-five-apples.png","Free Printable Numbers Coloring Sheet - Number 5 - Five Apples | Coloro","Download this free printable Number 5 - Five Apples coloring page! Perfect for toddlers, preschoolers, and early learners. Features crisp high-contrast outlines for easy crayon coloring alongside a digital magic color preview. Print the PDF directly or color online with interactive sound effects and glitter brushes at Coloro.in. Discover our full Numbers collection at https://coloro.in/app?category=numbers. #kidsactivities #coloringpages #freecoloringpages #toddleractivities #preschoolprintables #homeschooling","Free Printable Coloring Sheet: Number 5 - Five Apples! 🎨✨

Print this out for relaxing, high-contrast coloring at home or in class, or color it online with digital magic brushes at Coloro! 🖍️

👉 Link in bio to color or print hundreds of free sheets: www.coloro.in
🌐 Direct link: https://coloro.in/app?category=numbers

Save this post for your next creative kids activity session! 💖

.
.
#coloring #coloringpages #freecoloringpages #kidsactivities #toddleractivities #preschool #preschoolactivities #homeschooling #artforkids #coloro #kidsart #coloringbook #freeprintables #kidsfun #diykids #numbers","https://coloro.in/app?category=numbers","","unposted"
"2026-10-01 07:38:12","Number 4 - Four Stars","numbers","https://raw.githubusercontent.com/Singhak/insta_video/main/pin-030-number-4-four-stars.png","Free Printable Numbers Coloring Sheet - Number 4 - Four Stars | Coloro","Download this free printable Number 4 - Four Stars coloring page! Perfect for toddlers, preschoolers, and early learners. Features crisp high-contrast outlines for easy crayon coloring alongside a digital magic color preview. Print the PDF directly or color online with interactive sound effects and glitter brushes at Coloro.in. Discover our full Numbers collection at https://coloro.in/app?category=numbers. #kidsactivities #coloringpages #freecoloringpages #toddleractivities #preschoolprintables #homeschooling","Free Printable Coloring Sheet: Number 4 - Four Stars! 🎨✨

Print this out for relaxing, high-contrast coloring at home or in class, or color it online with digital magic brushes at Coloro! 🖍️

👉 Link in bio to color or print hundreds of free sheets: www.coloro.in
🌐 Direct link: https://coloro.in/app?category=numbers

Save this post for your next creative kids activity session! 💖

.
.
#coloring #coloringpages #freecoloringpages #kidsactivities #toddleractivities #preschool #preschoolactivities #homeschooling #artforkids #coloro #kidsart #coloringbook #freeprintables #kidsfun #diykids #numbers","https://coloro.in/app?category=numbers","","unposted"
"2026-10-01 07:38:12","Number 3 - Three Balloons","numbers","https://raw.githubusercontent.com/Singhak/insta_video/main/pin-029-number-3-three-balloons.png","Free Printable Numbers Coloring Sheet - Number 3 - Three Balloons | Coloro","Download this free printable Number 3 - Three Balloons coloring page! Perfect for toddlers, preschoolers, and early learners. Features crisp high-contrast outlines for easy crayon coloring alongside a digital magic color preview. Print the PDF directly or color online with interactive sound effects and glitter brushes at Coloro.in. Discover our full Numbers collection at https://coloro.in/app?category=numbers. #kidsactivities #coloringpages #freecoloringpages #toddleractivities #preschoolprintables #homeschooling","Free Printable Coloring Sheet: Number 3 - Three Balloons! 🎨✨

Print this out for relaxing, high-contrast coloring at home or in class, or color it online with digital magic brushes at Coloro! 🖍️

👉 Link in bio to color or print hundreds of free sheets: www.coloro.in
🌐 Direct link: https://coloro.in/app?category=numbers

Save this post for your next creative kids activity session! 💖

.
.
#coloring #coloringpages #freecoloringpages #kidsactivities #toddleractivities #preschool #preschoolactivities #homeschooling #artforkids #coloro #kidsart #coloringbook #freeprintables #kidsfun #diykids #numbers","https://coloro.in/app?category=numbers","","unposted"
"2026-10-01 07:38:12","Number 2 - Two Ducks","numbers","https://raw.githubusercontent.com/Singhak/insta_video/main/pin-028-number-2-two-ducks.png","Free Printable Numbers Coloring Sheet - Number 2 - Two Ducks | Coloro","Download this free printable Number 2 - Two Ducks coloring page! Perfect for toddlers, preschoolers, and early learners. Features crisp high-contrast outlines for easy crayon coloring alongside a digital magic color preview. Print the PDF directly or color online with interactive sound effects and glitter brushes at Coloro.in. Discover our full Numbers collection at https://coloro.in/app?category=numbers. #kidsactivities #coloringpages #freecoloringpages #toddleractivities #preschoolprintables #homeschooling","Free Printable Coloring Sheet: Number 2 - Two Ducks! 🎨✨

Print this out for relaxing, high-contrast coloring at home or in class, or color it online with digital magic brushes at Coloro! 🖍️

👉 Link in bio to color or print hundreds of free sheets: www.coloro.in
🌐 Direct link: https://coloro.in/app?category=numbers

Save this post for your next creative kids activity session! 💖

.
.
#coloring #coloringpages #freecoloringpages #kidsactivities #toddleractivities #preschool #preschoolactivities #homeschooling #artforkids #coloro #kidsart #coloringbook #freeprintables #kidsfun #diykids #numbers","https://coloro.in/app?category=numbers","","unposted"
"2026-10-01 07:38:12","Number 1 - One Sun","numbers","https://raw.githubusercontent.com/Singhak/insta_video/main/pin-027-number-1-one-sun.png","Free Printable Numbers Coloring Sheet - Number 1 - One Sun | Coloro","Download this free printable Number 1 - One Sun coloring page! Perfect for toddlers, preschoolers, and early learners. Features crisp high-contrast outlines for easy crayon coloring alongside a digital magic color preview. Print the PDF directly or color online with interactive sound effects and glitter brushes at Coloro.in. Discover our full Numbers collection at https://coloro.in/app?category=numbers. #kidsactivities #coloringpages #freecoloringpages #toddleractivities #preschoolprintables #homeschooling","Free Printable Coloring Sheet: Number 1 - One Sun! 🎨✨

Print this out for relaxing, high-contrast coloring at home or in class, or color it online with digital magic brushes at Coloro! 🖍️

👉 Link in bio to color or print hundreds of free sheets: www.coloro.in
🌐 Direct link: https://coloro.in/app?category=numbers

Save this post for your next creative kids activity session! 💖

.
.
#coloring #coloringpages #freecoloringpages #kidsactivities #toddleractivities #preschool #preschoolactivities #homeschooling #artforkids #coloro #kidsart #coloringbook #freeprintables #kidsfun #diykids #numbers","https://coloro.in/app?category=numbers","","unposted"
"2026-10-01 07:38:12","Letter Z - Zebra","alphabet","https://raw.githubusercontent.com/Singhak/insta_video/main/pin-026-letter-z-zebra.png","Free Printable Alphabets Coloring Sheet - Letter Z - Zebra | Coloro","Download this free printable Letter Z - Zebra coloring page! Perfect for toddlers, preschoolers, and early learners. Features crisp high-contrast outlines for easy crayon coloring alongside a digital magic color preview. Print the PDF directly or color online with interactive sound effects and glitter brushes at Coloro.in. Discover our full Alphabets collection at https://coloro.in/app?category=alphabet. #kidsactivities #coloringpages #freecoloringpages #toddleractivities #preschoolprintables #homeschooling","Free Printable Coloring Sheet: Letter Z - Zebra! 🎨✨

Print this out for relaxing, high-contrast coloring at home or in class, or color it online with digital magic brushes at Coloro! 🖍️

👉 Link in bio to color or print hundreds of free sheets: www.coloro.in
🌐 Direct link: https://coloro.in/app?category=alphabet

Save this post for your next creative kids activity session! 💖

.
.
#coloring #coloringpages #freecoloringpages #kidsactivities #toddleractivities #preschool #preschoolactivities #homeschooling #artforkids #coloro #kidsart #coloringbook #freeprintables #kidsfun #diykids #alphabet","https://coloro.in/app?category=alphabet","","unposted"
"2026-10-01 07:38:12","Letter Y - Yacht","alphabet","https://raw.githubusercontent.com/Singhak/insta_video/main/pin-025-letter-y-yacht.png","Free Printable Alphabets Coloring Sheet - Letter Y - Yacht | Coloro","Download this free printable Letter Y - Yacht coloring page! Perfect for toddlers, preschoolers, and early learners. Features crisp high-contrast outlines for easy crayon coloring alongside a digital magic color preview. Print the PDF directly or color online with interactive sound effects and glitter brushes at Coloro.in. Discover our full Alphabets collection at https://coloro.in/app?category=alphabet. #kidsactivities #coloringpages #freecoloringpages #toddleractivities #preschoolprintables #homeschooling","Free Printable Coloring Sheet: Letter Y - Yacht! 🎨✨

Print this out for relaxing, high-contrast coloring at home or in class, or color it online with digital magic brushes at Coloro! 🖍️

👉 Link in bio to color or print hundreds of free sheets: www.coloro.in
🌐 Direct link: https://coloro.in/app?category=alphabet

Save this post for your next creative kids activity session! 💖

.
.
#coloring #coloringpages #freecoloringpages #kidsactivities #toddleractivities #preschool #preschoolactivities #homeschooling #artforkids #coloro #kidsart #coloringbook #freeprintables #kidsfun #diykids #alphabet","https://coloro.in/app?category=alphabet","","unposted"
"2026-10-01 07:38:12","Letter X - Xylophone","alphabet","https://raw.githubusercontent.com/Singhak/insta_video/main/pin-024-letter-x-xylophone.png","Free Printable Alphabets Coloring Sheet - Letter X - Xylophone | Coloro","Download this free printable Letter X - Xylophone coloring page! Perfect for toddlers, preschoolers, and early learners. Features crisp high-contrast outlines for easy crayon coloring alongside a digital magic color preview. Print the PDF directly or color online with interactive sound effects and glitter brushes at Coloro.in. Discover our full Alphabets collection at https://coloro.in/app?category=alphabet. #kidsactivities #coloringpages #freecoloringpages #toddleractivities #preschoolprintables #homeschooling","Free Printable Coloring Sheet: Letter X - Xylophone! 🎨✨

Print this out for relaxing, high-contrast coloring at home or in class, or color it online with digital magic brushes at Coloro! 🖍️

👉 Link in bio to color or print hundreds of free sheets: www.coloro.in
🌐 Direct link: https://coloro.in/app?category=alphabet

Save this post for your next creative kids activity session! 💖

.
.
#coloring #coloringpages #freecoloringpages #kidsactivities #toddleractivities #preschool #preschoolactivities #homeschooling #artforkids #coloro #kidsart #coloringbook #freeprintables #kidsfun #diykids #alphabet","https://coloro.in/app?category=alphabet","","unposted"
"2026-10-01 07:38:12","Letter W - Whale","alphabet","https://raw.githubusercontent.com/Singhak/insta_video/main/pin-023-letter-w-whale.png","Free Printable Alphabets Coloring Sheet - Letter W - Whale | Coloro","Download this free printable Letter W - Whale coloring page! Perfect for toddlers, preschoolers, and early learners. Features crisp high-contrast outlines for easy crayon coloring alongside a digital magic color preview. Print the PDF directly or color online with interactive sound effects and glitter brushes at Coloro.in. Discover our full Alphabets collection at https://coloro.in/app?category=alphabet. #kidsactivities #coloringpages #freecoloringpages #toddleractivities #preschoolprintables #homeschooling","Free Printable Coloring Sheet: Letter W - Whale! 🎨✨

Print this out for relaxing, high-contrast coloring at home or in class, or color it online with digital magic brushes at Coloro! 🖍️

👉 Link in bio to color or print hundreds of free sheets: www.coloro.in
🌐 Direct link: https://coloro.in/app?category=alphabet

Save this post for your next creative kids activity session! 💖

.
.
#coloring #coloringpages #freecoloringpages #kidsactivities #toddleractivities #preschool #preschoolactivities #homeschooling #artforkids #coloro #kidsart #coloringbook #freeprintables #kidsfun #diykids #alphabet","https://coloro.in/app?category=alphabet","","unposted"
"2026-10-01 07:38:12","Letter V - Volcano","alphabet","https://raw.githubusercontent.com/Singhak/insta_video/main/pin-022-letter-v-volcano.png","Free Printable Alphabets Coloring Sheet - Letter V - Volcano | Coloro","Download this free printable Letter V - Volcano coloring page! Perfect for toddlers, preschoolers, and early learners. Features crisp high-contrast outlines for easy crayon coloring alongside a digital magic color preview. Print the PDF directly or color online with interactive sound effects and glitter brushes at Coloro.in. Discover our full Alphabets collection at https://coloro.in/app?category=alphabet. #kidsactivities #coloringpages #freecoloringpages #toddleractivities #preschoolprintables #homeschooling","Free Printable Coloring Sheet: Letter V - Volcano! 🎨✨

Print this out for relaxing, high-contrast coloring at home or in class, or color it online with digital magic brushes at Coloro! 🖍️

👉 Link in bio to color or print hundreds of free sheets: www.coloro.in
🌐 Direct link: https://coloro.in/app?category=alphabet

Save this post for your next creative kids activity session! 💖

.
.
#coloring #coloringpages #freecoloringpages #kidsactivities #toddleractivities #preschool #preschoolactivities #homeschooling #artforkids #coloro #kidsart #coloringbook #freeprintables #kidsfun #diykids #alphabet","https://coloro.in/app?category=alphabet","","unposted"
"2026-10-01 07:38:12","Letter U - Umbrella","alphabet","https://raw.githubusercontent.com/Singhak/insta_video/main/pin-021-letter-u-umbrella.png","Free Printable Alphabets Coloring Sheet - Letter U - Umbrella | Coloro","Download this free printable Letter U - Umbrella coloring page! Perfect for toddlers, preschoolers, and early learners. Features crisp high-contrast outlines for easy crayon coloring alongside a digital magic color preview. Print the PDF directly or color online with interactive sound effects and glitter brushes at Coloro.in. Discover our full Alphabets collection at https://coloro.in/app?category=alphabet. #kidsactivities #coloringpages #freecoloringpages #toddleractivities #preschoolprintables #homeschooling","Free Printable Coloring Sheet: Letter U - Umbrella! 🎨✨

Print this out for relaxing, high-contrast coloring at home or in class, or color it online with digital magic brushes at Coloro! 🖍️

👉 Link in bio to color or print hundreds of free sheets: www.coloro.in
🌐 Direct link: https://coloro.in/app?category=alphabet

Save this post for your next creative kids activity session! 💖

.
.
#coloring #coloringpages #freecoloringpages #kidsactivities #toddleractivities #preschool #preschoolactivities #homeschooling #artforkids #coloro #kidsart #coloringbook #freeprintables #kidsfun #diykids #alphabet","https://coloro.in/app?category=alphabet","","unposted"
"2026-10-01 07:38:12","Letter T - Tree","alphabet","https://raw.githubusercontent.com/Singhak/insta_video/main/pin-020-letter-t-tree.png","Free Printable Alphabets Coloring Sheet - Letter T - Tree | Coloro","Download this free printable Letter T - Tree coloring page! Perfect for toddlers, preschoolers, and early learners. Features crisp high-contrast outlines for easy crayon coloring alongside a digital magic color preview. Print the PDF directly or color online with interactive sound effects and glitter brushes at Coloro.in. Discover our full Alphabets collection at https://coloro.in/app?category=alphabet. #kidsactivities #coloringpages #freecoloringpages #toddleractivities #preschoolprintables #homeschooling","Free Printable Coloring Sheet: Letter T - Tree! 🎨✨

Print this out for relaxing, high-contrast coloring at home or in class, or color it online with digital magic brushes at Coloro! 🖍️

👉 Link in bio to color or print hundreds of free sheets: www.coloro.in
🌐 Direct link: https://coloro.in/app?category=alphabet

Save this post for your next creative kids activity session! 💖

.
.
#coloring #coloringpages #freecoloringpages #kidsactivities #toddleractivities #preschool #preschoolactivities #homeschooling #artforkids #coloro #kidsart #coloringbook #freeprintables #kidsfun #diykids #alphabet","https://coloro.in/app?category=alphabet","","unposted"
"2026-10-01 07:38:12","Letter S - Star","alphabet","https://raw.githubusercontent.com/Singhak/insta_video/main/pin-019-letter-s-star.png","Free Printable Alphabets Coloring Sheet - Letter S - Star | Coloro","Download this free printable Letter S - Star coloring page! Perfect for toddlers, preschoolers, and early learners. Features crisp high-contrast outlines for easy crayon coloring alongside a digital magic color preview. Print the PDF directly or color online with interactive sound effects and glitter brushes at Coloro.in. Discover our full Alphabets collection at https://coloro.in/app?category=alphabet. #kidsactivities #coloringpages #freecoloringpages #toddleractivities #preschoolprintables #homeschooling","Free Printable Coloring Sheet: Letter S - Star! 🎨✨

Print this out for relaxing, high-contrast coloring at home or in class, or color it online with digital magic brushes at Coloro! 🖍️

👉 Link in bio to color or print hundreds of free sheets: www.coloro.in
🌐 Direct link: https://coloro.in/app?category=alphabet

Save this post for your next creative kids activity session! 💖

.
.
#coloring #coloringpages #freecoloringpages #kidsactivities #toddleractivities #preschool #preschoolactivities #homeschooling #artforkids #coloro #kidsart #coloringbook #freeprintables #kidsfun #diykids #alphabet","https://coloro.in/app?category=alphabet","","unposted"
"2026-10-01 07:38:12","Letter R - Rainbow","alphabet","https://raw.githubusercontent.com/Singhak/insta_video/main/pin-018-letter-r-rainbow.png","Free Printable Alphabets Coloring Sheet - Letter R - Rainbow | Coloro","Download this free printable Letter R - Rainbow coloring page! Perfect for toddlers, preschoolers, and early learners. Features crisp high-contrast outlines for easy crayon coloring alongside a digital magic color preview. Print the PDF directly or color online with interactive sound effects and glitter brushes at Coloro.in. Discover our full Alphabets collection at https://coloro.in/app?category=alphabet. #kidsactivities #coloringpages #freecoloringpages #toddleractivities #preschoolprintables #homeschooling","Free Printable Coloring Sheet: Letter R - Rainbow! 🎨✨

Print this out for relaxing, high-contrast coloring at home or in class, or color it online with digital magic brushes at Coloro! 🖍️

👉 Link in bio to color or print hundreds of free sheets: www.coloro.in
🌐 Direct link: https://coloro.in/app?category=alphabet

Save this post for your next creative kids activity session! 💖

.
.
#coloring #coloringpages #freecoloringpages #kidsactivities #toddleractivities #preschool #preschoolactivities #homeschooling #artforkids #coloro #kidsart #coloringbook #freeprintables #kidsfun #diykids #alphabet","https://coloro.in/app?category=alphabet","","unposted"
"2026-10-01 07:38:12","Letter Q - Queen Crown","alphabet","https://raw.githubusercontent.com/Singhak/insta_video/main/pin-017-letter-q-queen-crown.png","Free Printable Alphabets Coloring Sheet - Letter Q - Queen Crown | Coloro","Download this free printable Letter Q - Queen Crown coloring page! Perfect for toddlers, preschoolers, and early learners. Features crisp high-contrast outlines for easy crayon coloring alongside a digital magic color preview. Print the PDF directly or color online with interactive sound effects and glitter brushes at Coloro.in. Discover our full Alphabets collection at https://coloro.in/app?category=alphabet. #kidsactivities #coloringpages #freecoloringpages #toddleractivities #preschoolprintables #homeschooling","Free Printable Coloring Sheet: Letter Q - Queen Crown! 🎨✨

Print this out for relaxing, high-contrast coloring at home or in class, or color it online with digital magic brushes at Coloro! 🖍️

👉 Link in bio to color or print hundreds of free sheets: www.coloro.in
🌐 Direct link: https://coloro.in/app?category=alphabet

Save this post for your next creative kids activity session! 💖

.
.
#coloring #coloringpages #freecoloringpages #kidsactivities #toddleractivities #preschool #preschoolactivities #homeschooling #artforkids #coloro #kidsart #coloringbook #freeprintables #kidsfun #diykids #alphabet","https://coloro.in/app?category=alphabet","","unposted"
"2026-10-01 07:38:12","Letter P - Penguin","alphabet","https://raw.githubusercontent.com/Singhak/insta_video/main/pin-016-letter-p-penguin.png","Free Printable Alphabets Coloring Sheet - Letter P - Penguin | Coloro","Download this free printable Letter P - Penguin coloring page! Perfect for toddlers, preschoolers, and early learners. Features crisp high-contrast outlines for easy crayon coloring alongside a digital magic color preview. Print the PDF directly or color online with interactive sound effects and glitter brushes at Coloro.in. Discover our full Alphabets collection at https://coloro.in/app?category=alphabet. #kidsactivities #coloringpages #freecoloringpages #toddleractivities #preschoolprintables #homeschooling","Free Printable Coloring Sheet: Letter P - Penguin! 🎨✨

Print this out for relaxing, high-contrast coloring at home or in class, or color it online with digital magic brushes at Coloro! 🖍️

👉 Link in bio to color or print hundreds of free sheets: www.coloro.in
🌐 Direct link: https://coloro.in/app?category=alphabet

Save this post for your next creative kids activity session! 💖

.
.
#coloring #coloringpages #freecoloringpages #kidsactivities #toddleractivities #preschool #preschoolactivities #homeschooling #artforkids #coloro #kidsart #coloringbook #freeprintables #kidsfun #diykids #alphabet","https://coloro.in/app?category=alphabet","","unposted"
"2026-10-01 07:38:12","Letter O - Octopus","alphabet","https://raw.githubusercontent.com/Singhak/insta_video/main/pin-015-letter-o-octopus.png","Free Printable Alphabets Coloring Sheet - Letter O - Octopus | Coloro","Download this free printable Letter O - Octopus coloring page! Perfect for toddlers, preschoolers, and early learners. Features crisp high-contrast outlines for easy crayon coloring alongside a digital magic color preview. Print the PDF directly or color online with interactive sound effects and glitter brushes at Coloro.in. Discover our full Alphabets collection at https://coloro.in/app?category=alphabet. #kidsactivities #coloringpages #freecoloringpages #toddleractivities #preschoolprintables #homeschooling","Free Printable Coloring Sheet: Letter O - Octopus! 🎨✨

Print this out for relaxing, high-contrast coloring at home or in class, or color it online with digital magic brushes at Coloro! 🖍️

👉 Link in bio to color or print hundreds of free sheets: www.coloro.in
🌐 Direct link: https://coloro.in/app?category=alphabet

Save this post for your next creative kids activity session! 💖

.
.
#coloring #coloringpages #freecoloringpages #kidsactivities #toddleractivities #preschool #preschoolactivities #homeschooling #artforkids #coloro #kidsart #coloringbook #freeprintables #kidsfun #diykids #alphabet","https://coloro.in/app?category=alphabet","","unposted"
"2026-10-01 07:38:12","Letter N - Nest","alphabet","https://raw.githubusercontent.com/Singhak/insta_video/main/pin-014-letter-n-nest.png","Free Printable Alphabets Coloring Sheet - Letter N - Nest | Coloro","Download this free printable Letter N - Nest coloring page! Perfect for toddlers, preschoolers, and early learners. Features crisp high-contrast outlines for easy crayon coloring alongside a digital magic color preview. Print the PDF directly or color online with interactive sound effects and glitter brushes at Coloro.in. Discover our full Alphabets collection at https://coloro.in/app?category=alphabet. #kidsactivities #coloringpages #freecoloringpages #toddleractivities #preschoolprintables #homeschooling","Free Printable Coloring Sheet: Letter N - Nest! 🎨✨

Print this out for relaxing, high-contrast coloring at home or in class, or color it online with digital magic brushes at Coloro! 🖍️

👉 Link in bio to color or print hundreds of free sheets: www.coloro.in
🌐 Direct link: https://coloro.in/app?category=alphabet

Save this post for your next creative kids activity session! 💖

.
.
#coloring #coloringpages #freecoloringpages #kidsactivities #toddleractivities #preschool #preschoolactivities #homeschooling #artforkids #coloro #kidsart #coloringbook #freeprintables #kidsfun #diykids #alphabet","https://coloro.in/app?category=alphabet","","unposted"
"2026-10-01 07:38:12","Letter M - Moon","alphabet","https://raw.githubusercontent.com/Singhak/insta_video/main/pin-013-letter-m-moon.png","Free Printable Alphabets Coloring Sheet - Letter M - Moon | Coloro","Download this free printable Letter M - Moon coloring page! Perfect for toddlers, preschoolers, and early learners. Features crisp high-contrast outlines for easy crayon coloring alongside a digital magic color preview. Print the PDF directly or color online with interactive sound effects and glitter brushes at Coloro.in. Discover our full Alphabets collection at https://coloro.in/app?category=alphabet. #kidsactivities #coloringpages #freecoloringpages #toddleractivities #preschoolprintables #homeschooling","Free Printable Coloring Sheet: Letter M - Moon! 🎨✨

Print this out for relaxing, high-contrast coloring at home or in class, or color it online with digital magic brushes at Coloro! 🖍️

👉 Link in bio to color or print hundreds of free sheets: www.coloro.in
🌐 Direct link: https://coloro.in/app?category=alphabet

Save this post for your next creative kids activity session! 💖

.
.
#coloring #coloringpages #freecoloringpages #kidsactivities #toddleractivities #preschool #preschoolactivities #homeschooling #artforkids #coloro #kidsart #coloringbook #freeprintables #kidsfun #diykids #alphabet","https://coloro.in/app?category=alphabet","","unposted"
"2026-10-01 07:38:12","Letter L - Lion","alphabet","https://raw.githubusercontent.com/Singhak/insta_video/main/pin-012-letter-l-lion.png","Free Printable Alphabets Coloring Sheet - Letter L - Lion | Coloro","Download this free printable Letter L - Lion coloring page! Perfect for toddlers, preschoolers, and early learners. Features crisp high-contrast outlines for easy crayon coloring alongside a digital magic color preview. Print the PDF directly or color online with interactive sound effects and glitter brushes at Coloro.in. Discover our full Alphabets collection at https://coloro.in/app?category=alphabet. #kidsactivities #coloringpages #freecoloringpages #toddleractivities #preschoolprintables #homeschooling","Free Printable Coloring Sheet: Letter L - Lion! 🎨✨

Print this out for relaxing, high-contrast coloring at home or in class, or color it online with digital magic brushes at Coloro! 🖍️

👉 Link in bio to color or print hundreds of free sheets: www.coloro.in
🌐 Direct link: https://coloro.in/app?category=alphabet

Save this post for your next creative kids activity session! 💖

.
.
#coloring #coloringpages #freecoloringpages #kidsactivities #toddleractivities #preschool #preschoolactivities #homeschooling #artforkids #coloro #kidsart #coloringbook #freeprintables #kidsfun #diykids #alphabet","https://coloro.in/app?category=alphabet","","unposted"
"2026-10-01 07:38:12","Letter K - Kite","alphabet","https://raw.githubusercontent.com/Singhak/insta_video/main/pin-011-letter-k-kite.png","Free Printable Alphabets Coloring Sheet - Letter K - Kite | Coloro","Download this free printable Letter K - Kite coloring page! Perfect for toddlers, preschoolers, and early learners. Features crisp high-contrast outlines for easy crayon coloring alongside a digital magic color preview. Print the PDF directly or color online with interactive sound effects and glitter brushes at Coloro.in. Discover our full Alphabets collection at https://coloro.in/app?category=alphabet. #kidsactivities #coloringpages #freecoloringpages #toddleractivities #preschoolprintables #homeschooling","Free Printable Coloring Sheet: Letter K - Kite! 🎨✨

Print this out for relaxing, high-contrast coloring at home or in class, or color it online with digital magic brushes at Coloro! 🖍️

👉 Link in bio to color or print hundreds of free sheets: www.coloro.in
🌐 Direct link: https://coloro.in/app?category=alphabet

Save this post for your next creative kids activity session! 💖

.
.
#coloring #coloringpages #freecoloringpages #kidsactivities #toddleractivities #preschool #preschoolactivities #homeschooling #artforkids #coloro #kidsart #coloringbook #freeprintables #kidsfun #diykids #alphabet","https://coloro.in/app?category=alphabet","","unposted"
"2026-10-01 07:38:12","Letter J - Jellyfish","alphabet","https://raw.githubusercontent.com/Singhak/insta_video/main/pin-010-letter-j-jellyfish.png","Free Printable Alphabets Coloring Sheet - Letter J - Jellyfish | Coloro","Download this free printable Letter J - Jellyfish coloring page! Perfect for toddlers, preschoolers, and early learners. Features crisp high-contrast outlines for easy crayon coloring alongside a digital magic color preview. Print the PDF directly or color online with interactive sound effects and glitter brushes at Coloro.in. Discover our full Alphabets collection at https://coloro.in/app?category=alphabet. #kidsactivities #coloringpages #freecoloringpages #toddleractivities #preschoolprintables #homeschooling","Free Printable Coloring Sheet: Letter J - Jellyfish! 🎨✨

Print this out for relaxing, high-contrast coloring at home or in class, or color it online with digital magic brushes at Coloro! 🖍️

👉 Link in bio to color or print hundreds of free sheets: www.coloro.in
🌐 Direct link: https://coloro.in/app?category=alphabet

Save this post for your next creative kids activity session! 💖

.
.
#coloring #coloringpages #freecoloringpages #kidsactivities #toddleractivities #preschool #preschoolactivities #homeschooling #artforkids #coloro #kidsart #coloringbook #freeprintables #kidsfun #diykids #alphabet","https://coloro.in/app?category=alphabet","","unposted"
"2026-10-01 07:38:12","Letter I - Ice Cream","alphabet","https://raw.githubusercontent.com/Singhak/insta_video/main/pin-009-letter-i-ice-cream.png","Free Printable Alphabets Coloring Sheet - Letter I - Ice Cream | Coloro","Download this free printable Letter I - Ice Cream coloring page! Perfect for toddlers, preschoolers, and early learners. Features crisp high-contrast outlines for easy crayon coloring alongside a digital magic color preview. Print the PDF directly or color online with interactive sound effects and glitter brushes at Coloro.in. Discover our full Alphabets collection at https://coloro.in/app?category=alphabet. #kidsactivities #coloringpages #freecoloringpages #toddleractivities #preschoolprintables #homeschooling","Free Printable Coloring Sheet: Letter I - Ice Cream! 🎨✨

Print this out for relaxing, high-contrast coloring at home or in class, or color it online with digital magic brushes at Coloro! 🖍️

👉 Link in bio to color or print hundreds of free sheets: www.coloro.in
🌐 Direct link: https://coloro.in/app?category=alphabet

Save this post for your next creative kids activity session! 💖

.
.
#coloring #coloringpages #freecoloringpages #kidsactivities #toddleractivities #preschool #preschoolactivities #homeschooling #artforkids #coloro #kidsart #coloringbook #freeprintables #kidsfun #diykids #alphabet","https://coloro.in/app?category=alphabet","","unposted"
"2026-10-01 07:38:12","Letter H - House","alphabet","https://raw.githubusercontent.com/Singhak/insta_video/main/pin-008-letter-h-house.png","Free Printable Alphabets Coloring Sheet - Letter H - House | Coloro","Download this free printable Letter H - House coloring page! Perfect for toddlers, preschoolers, and early learners. Features crisp high-contrast outlines for easy crayon coloring alongside a digital magic color preview. Print the PDF directly or color online with interactive sound effects and glitter brushes at Coloro.in. Discover our full Alphabets collection at https://coloro.in/app?category=alphabet. #kidsactivities #coloringpages #freecoloringpages #toddleractivities #preschoolprintables #homeschooling","Free Printable Coloring Sheet: Letter H - House! 🎨✨

Print this out for relaxing, high-contrast coloring at home or in class, or color it online with digital magic brushes at Coloro! 🖍️

👉 Link in bio to color or print hundreds of free sheets: www.coloro.in
🌐 Direct link: https://coloro.in/app?category=alphabet

Save this post for your next creative kids activity session! 💖

.
.
#coloring #coloringpages #freecoloringpages #kidsactivities #toddleractivities #preschool #preschoolactivities #homeschooling #artforkids #coloro #kidsart #coloringbook #freeprintables #kidsfun #diykids #alphabet","https://coloro.in/app?category=alphabet","","unposted"
"2026-10-01 07:38:12","Letter G - Giraffe","alphabet","https://raw.githubusercontent.com/Singhak/insta_video/main/pin-007-letter-g-giraffe.png","Free Printable Alphabets Coloring Sheet - Letter G - Giraffe | Coloro","Download this free printable Letter G - Giraffe coloring page! Perfect for toddlers, preschoolers, and early learners. Features crisp high-contrast outlines for easy crayon coloring alongside a digital magic color preview. Print the PDF directly or color online with interactive sound effects and glitter brushes at Coloro.in. Discover our full Alphabets collection at https://coloro.in/app?category=alphabet. #kidsactivities #coloringpages #freecoloringpages #toddleractivities #preschoolprintables #homeschooling","Free Printable Coloring Sheet: Letter G - Giraffe! 🎨✨

Print this out for relaxing, high-contrast coloring at home or in class, or color it online with digital magic brushes at Coloro! 🖍️

👉 Link in bio to color or print hundreds of free sheets: www.coloro.in
🌐 Direct link: https://coloro.in/app?category=alphabet

Save this post for your next creative kids activity session! 💖

.
.
#coloring #coloringpages #freecoloringpages #kidsactivities #toddleractivities #preschool #preschoolactivities #homeschooling #artforkids #coloro #kidsart #coloringbook #freeprintables #kidsfun #diykids #alphabet","https://coloro.in/app?category=alphabet","","unposted"
"2026-10-01 07:38:12","Letter F - Fish","alphabet","https://raw.githubusercontent.com/Singhak/insta_video/main/pin-006-letter-f-fish.png","Free Printable Alphabets Coloring Sheet - Letter F - Fish | Coloro","Download this free printable Letter F - Fish coloring page! Perfect for toddlers, preschoolers, and early learners. Features crisp high-contrast outlines for easy crayon coloring alongside a digital magic color preview. Print the PDF directly or color online with interactive sound effects and glitter brushes at Coloro.in. Discover our full Alphabets collection at https://coloro.in/app?category=alphabet. #kidsactivities #coloringpages #freecoloringpages #toddleractivities #preschoolprintables #homeschooling","Free Printable Coloring Sheet: Letter F - Fish! 🎨✨

Print this out for relaxing, high-contrast coloring at home or in class, or color it online with digital magic brushes at Coloro! 🖍️

👉 Link in bio to color or print hundreds of free sheets: www.coloro.in
🌐 Direct link: https://coloro.in/app?category=alphabet

Save this post for your next creative kids activity session! 💖

.
.
#coloring #coloringpages #freecoloringpages #kidsactivities #toddleractivities #preschool #preschoolactivities #homeschooling #artforkids #coloro #kidsart #coloringbook #freeprintables #kidsfun #diykids #alphabet","https://coloro.in/app?category=alphabet","","unposted"
"2026-10-01 07:38:12","Letter E - Elephant","alphabet","https://raw.githubusercontent.com/Singhak/insta_video/main/pin-005-letter-e-elephant.png","Free Printable Alphabets Coloring Sheet - Letter E - Elephant | Coloro","Download this free printable Letter E - Elephant coloring page! Perfect for toddlers, preschoolers, and early learners. Features crisp high-contrast outlines for easy crayon coloring alongside a digital magic color preview. Print the PDF directly or color online with interactive sound effects and glitter brushes at Coloro.in. Discover our full Alphabets collection at https://coloro.in/app?category=alphabet. #kidsactivities #coloringpages #freecoloringpages #toddleractivities #preschoolprintables #homeschooling","Free Printable Coloring Sheet: Letter E - Elephant! 🎨✨

Print this out for relaxing, high-contrast coloring at home or in class, or color it online with digital magic brushes at Coloro! 🖍️

👉 Link in bio to color or print hundreds of free sheets: www.coloro.in
🌐 Direct link: https://coloro.in/app?category=alphabet

Save this post for your next creative kids activity session! 💖

.
.
#coloring #coloringpages #freecoloringpages #kidsactivities #toddleractivities #preschool #preschoolactivities #homeschooling #artforkids #coloro #kidsart #coloringbook #freeprintables #kidsfun #diykids #alphabet","https://coloro.in/app?category=alphabet","","unposted"
"2026-10-01 07:38:12","Letter D - Dinosaur","alphabet","https://raw.githubusercontent.com/Singhak/insta_video/main/pin-004-letter-d-dinosaur.png","Free Printable Alphabets Coloring Sheet - Letter D - Dinosaur | Coloro","Download this free printable Letter D - Dinosaur coloring page! Perfect for toddlers, preschoolers, and early learners. Features crisp high-contrast outlines for easy crayon coloring alongside a digital magic color preview. Print the PDF directly or color online with interactive sound effects and glitter brushes at Coloro.in. Discover our full Alphabets collection at https://coloro.in/app?category=alphabet. #kidsactivities #coloringpages #freecoloringpages #toddleractivities #preschoolprintables #homeschooling","Free Printable Coloring Sheet: Letter D - Dinosaur! 🎨✨

Print this out for relaxing, high-contrast coloring at home or in class, or color it online with digital magic brushes at Coloro! 🖍️

👉 Link in bio to color or print hundreds of free sheets: www.coloro.in
🌐 Direct link: https://coloro.in/app?category=alphabet

Save this post for your next creative kids activity session! 💖

.
.
#coloring #coloringpages #freecoloringpages #kidsactivities #toddleractivities #preschool #preschoolactivities #homeschooling #artforkids #coloro #kidsart #coloringbook #freeprintables #kidsfun #diykids #alphabet","https://coloro.in/app?category=alphabet","","unposted"
"2026-10-01 07:38:12","Letter C - Cat","alphabet","https://raw.githubusercontent.com/Singhak/insta_video/main/pin-003-letter-c-cat.png","Free Printable Alphabets Coloring Sheet - Letter C - Cat | Coloro","Download this free printable Letter C - Cat coloring page! Perfect for toddlers, preschoolers, and early learners. Features crisp high-contrast outlines for easy crayon coloring alongside a digital magic color preview. Print the PDF directly or color online with interactive sound effects and glitter brushes at Coloro.in. Discover our full Alphabets collection at https://coloro.in/app?category=alphabet. #kidsactivities #coloringpages #freecoloringpages #toddleractivities #preschoolprintables #homeschooling","Free Printable Coloring Sheet: Letter C - Cat! 🎨✨

Print this out for relaxing, high-contrast coloring at home or in class, or color it online with digital magic brushes at Coloro! 🖍️

👉 Link in bio to color or print hundreds of free sheets: www.coloro.in
🌐 Direct link: https://coloro.in/app?category=alphabet

Save this post for your next creative kids activity session! 💖

.
.
#coloring #coloringpages #freecoloringpages #kidsactivities #toddleractivities #preschool #preschoolactivities #homeschooling #artforkids #coloro #kidsart #coloringbook #freeprintables #kidsfun #diykids #alphabet","https://coloro.in/app?category=alphabet","","unposted"
"2026-10-01 07:38:12","Letter B - Butterfly","alphabet","https://raw.githubusercontent.com/Singhak/insta_video/main/pin-002-letter-b-butterfly.png","Free Printable Alphabets Coloring Sheet - Letter B - Butterfly | Coloro","Download this free printable Letter B - Butterfly coloring page! Perfect for toddlers, preschoolers, and early learners. Features crisp high-contrast outlines for easy crayon coloring alongside a digital magic color preview. Print the PDF directly or color online with interactive sound effects and glitter brushes at Coloro.in. Discover our full Alphabets collection at https://coloro.in/app?category=alphabet. #kidsactivities #coloringpages #freecoloringpages #toddleractivities #preschoolprintables #homeschooling","Free Printable Coloring Sheet: Letter B - Butterfly! 🎨✨

Print this out for relaxing, high-contrast coloring at home or in class, or color it online with digital magic brushes at Coloro! 🖍️

👉 Link in bio to color or print hundreds of free sheets: www.coloro.in
🌐 Direct link: https://coloro.in/app?category=alphabet

Save this post for your next creative kids activity session! 💖

.
.
#coloring #coloringpages #freecoloringpages #kidsactivities #toddleractivities #preschool #preschoolactivities #homeschooling #artforkids #coloro #kidsart #coloringbook #freeprintables #kidsfun #diykids #alphabet","https://coloro.in/app?category=alphabet","","unposted"
"2026-10-01 07:38:12","Letter A - Apple","alphabet","https://raw.githubusercontent.com/Singhak/insta_video/main/pin-001-letter-a-apple.png","Free Printable Alphabets Coloring Sheet - Letter A - Apple | Coloro","Download this free printable Letter A - Apple coloring page! Perfect for toddlers, preschoolers, and early learners. Features crisp high-contrast outlines for easy crayon coloring alongside a digital magic color preview. Print the PDF directly or color online with interactive sound effects and glitter brushes at Coloro.in. Discover our full Alphabets collection at https://coloro.in/app?category=alphabet. #kidsactivities #coloringpages #freecoloringpages #toddleractivities #preschoolprintables #homeschooling","Free Printable Coloring Sheet: Letter A - Apple! 🎨✨

Print this out for relaxing, high-contrast coloring at home or in class, or color it online with digital magic brushes at Coloro! 🖍️

👉 Link in bio to color or print hundreds of free sheets: www.coloro.in
🌐 Direct link: https://coloro.in/app?category=alphabet

Save this post for your next creative kids activity session! 💖

.
.
#coloring #coloringpages #freecoloringpages #kidsactivities #toddleractivities #preschool #preschoolactivities #homeschooling #artforkids #coloro #kidsart #coloringbook #freeprintables #kidsfun #diykids #alphabet","https://coloro.in/app?category=alphabet","","unposted"
